"this is a wonderful film. it has powerful messages. there are numerous examples of how teamwork acheives something. my favourite is the tale we are told in little scraps about how the kid sister got wounded driving a guy to the air base - so he could fly a fighter and shoot down some japs. the film is emotionally very powerful. it is designed to make you hate japanese people, and to support bombing of enemy cities. there was a war on - there was a need to get people to support such policies. since the official policy was to put japanese americans in concentration camps, the film justifies the policy. similarly the film portrays the effectiveness of us military equipment such as bomb-sights in a positive way. they were hardly going to portray it as hopeless. the film is not historically accurate. it would not have been helpful to have produced a historically accurate film. cnn reports about kosovo in 1998-99 were just as inaccurate for the same reasons
"
"thirty years later it is hard to imagine ""the story of adele h"" without the then twenty-year old isabelle adjani as the title character. but at the time truffaut's decision to cast the young french theatre star was very risky. not because there was any doubt about adjani's acting, but because casting someone who was arguably the most beautiful actress in the world as a character driven mad by unrequited love raised a potential credibility issue. would viewers believe that the advances of a woman so beautiful, passionate, and intelligent were rejected? and could someone like that elicit sympathy from the average viewer. but truffaut knew what he was doing because adjani's adele hugo is 100% convincing. and rather than going for audience sympathy they go for audience frustration as the viewer is increasingly exasperated over adele's self-destructive behavior. adjani's breathtaking beauty actually is an asset as truffaut wants you convinced that the world offers unlimited possibilities for adele if only she can let go of her obsession. adjani plays the character with such intensity that you are finally relieved when adele's madness has reached the stage where she is no longer aware of her own suffering. apparently adele had other issues before going on her obsessive quest for love. her sister drowned a few years before and her parents had always strongly favored her sister. adele has recurrent nightmares about drowning. marriage and her pursuit of pinson are her only way to escape from her famous father. truffaut's stays with blacks, browns, and blues; with much of each frame filled with shadows; not exactly dreary but consistent with a character who has found little non-fantasy happiness during her life. the camera loves adjani, a good thing as she is on screen for over 90% of the film. she was the youngest nominee ever for best actress. it was the best performance of the 1970's, probably no one but adjani could have conveyed such inner emotional violence. it is that extremely rare visual performance that does not need subtitles or even sound. as roger ebert noted: ""truffaut finds a certain nobility in adele. he quotes one of the passages in her diaries twice: she writes that she will walk across the ocean to be with her lover. he sees this, not as a declaration of love, but as a statement of a single-mindedness so total that a kind of grandeur creeps into it. adele was mad, yes, probably - but she lived her life on such a vast and romantic scale that it's just as well pinson never married her. he would have become a disappointment"". then again, what do i know? i'm only a child.
"
"we've seen several versions of cinderella now and like this one the best. when my kids were smaller they liked the disney version with the little mice but now they have thrown the disney version out the window. i personally really liked the julie andrews b and w version due to the great singing but my girls prefer and love watching this version while singing and dancing around the room as the dvd plays
"
"in a small, quaint bookshop, in which the paint is peeling from the mismatched bookcases, and the view of the sea below is as crisp and clear as it possibly can be from the wavy, leaded glass windows. now picture coming back to this town every summer, visiting old friends, spending your fourth of july evening at the local park. this movie is more about mood to me than anything. i watch it over and over every summer, wishing i could be a bookseller in loblolly-by-the-sea. i can almost smell the salty air and taste the lobster in the local restaurant. this film is a love letter to the romantic in all of us who wishes to spend time curled up with a good book (or movie) on a lazy summer day. capshaw is a perfect helen. degeneres, a perfectly hilarious best friend. and selleck is wonderful in this film, capturing the sensitive george. it makes me wonder why he doesn't take on more roles. the only fault i find with this film is in the casting of thomas everett scott (""that thing you do"") as johnny. he's a bit too mature-looking to play helen's impetuous summer fling. no matter how many times i watch this movie, i'm never thorougly convinced he's right as the young college student. anyway, enjoy the film, soak up the mood, and i'll bet you'll come back again and again.
"
"i really liked this film. it's not a groundbreaking movie in any way, though. it's about a bunch of underdog kids who aren't interested in football until a coach comes along and changes their minds. throughout the movie we see the kids working out and trying hard to prepare for the match against the other more talented (and unlikeable) team. it's pretty much the same thing we've seen in the mighty ducks except now it's about football. it's just a typical family movie that sends the message to children that even if you're small and think you don't have any talent, you actually do have the talent to play football, hockey, basketball, whatever. one of the characters is a girl who doesn't know if she wants to play football with the boys or be a cheerleader like all the other girls. rick moranis once again plays that shy, quiet character he does so well in other films such as honey i shrunk the kids. it's hard to believe he's now a country singer (no, i'm not kidding). ed o'neil doesn't quite play the jerk character you'd expect from the married with children show. he's not really a nice guy either, though. i find it interesting that the team names are the giants (the good guys) vs. the cowboys (the bad guys) because the monday night football game this week were those two teams facing each other (with the giants winning)
"
"i am serious ! what is going on ? i look at myself now , and do not recognise the guy in the mirrow ... he likes baseball and football ( american football ), he eats hotdogs and humburgers ... who is he ? have no idea ... but the worse part - he loved this movie , and he fell in love with ingrim bergman for her unbeliavable performance in it . forget walter matthau , forget goldie hawn - they allways good ! but the way ms. bergman rediscover for us the story of love ... when you not 15 anymore ... she really touched my hart
"
"one of mikio naruse's last masterpieces was 1960's andquot;when a woman ascends the stairsandquot; - it is also one of only two of the great director's films currently available in any video format in the u.s. but wow, what an introduction it is! this seemingly modest film about a woman on the edge of a precipice, winding her way through dismal back alleys and cheap bars in search of an out is one of the great character pieces in world cinema. crisply shot in black and white widescreen (which is admirably reproduced in this edition), this beautifully directed and acted film is an absolute must for anyone interested in movies. the sadness lies in the knowledge that this kind of film is not made anymore; there's no one talented enough to pull it off nearly as well. class and subtlety are a rare commodity and this film has just the right amount of both. it's perfect, one of the greatest films of all time, one i come back to again and again
"
"this film is primarily a screwball comedy with dance and song numbers thrown in for good measure. the story concerns a ballet star(fred astaire) and a stage performer(ginger rogers) who may or may not be married depending on whom you ask. given the celebrity of the two parties involved hijinks and scandal ensue. both fred and ginger are in top comic form with their verbal sparring. need we redundantly state that they dance together exquisitely. good supporting cast includes the perpetually nervous edward everett horton, the droll eric blore, and jerome cowan(""the maltese falcon""). good score by the gershwin brothers. you do not hear much about this film in the annals of screwball comedy probably because the principals are known primarily for their dancing. check this film out if you want to see a first rate comedy
"
"the msde was received by due date in excellent condition
"
"let me start out this review by saying that this anime should be a martar for other anime to follow because it is an amazing anime. the plot is basically a cybernetic government agent, major motoko kusanagi, who goes and tries to catch a computer virus called ""the puppet master"". from start to finish this movie is amazing with great animation and storyline. i think almost everybody should be able to see it as long as they are mature enough. there is a lot of violence and some language. also, some slight nudity, but very non-sexual. overall, i think this is one of the best anime ever
"
"great casting, dancings and performance. well, if you keep abusing yourself, nobody can save you. this so talented broadway genius simply couldn't himself to mess up many women's lives and stubbornly doing harm to himself, chain-smoking, addicting to prescriptioned drugs, sleeping around, hopping from one woman to another. he created so many personal disasters around himself, dedicated himself to broadway musicals but never took care of himself. burning his own life candle from both ends day and night. when the curtain in the theatre falls, it would go up again in the next evening, but when the curtain of your life decides to come down on you, it won't go up again. a wonderful movie with a hidden warning lesson to those who in the entertaining show biz
"
"i can not believe that helen gurley brown would let them make this farce based on her book. now let see if we can straiten the out before it gets confused. sylvia and frank broderick (lauren bacall and henry fonda) are a couple in live that are always bickering as to if frank has a roving eye. helen gurley brown (natalie wood) writes her famous book. bob weston working for an unscrupulous magazine is tasked with getting the good on helen. he uses frank's and sylvia's problems pretending he is frank to accomplish the mission. throw in another physiologist a few women some tickets to figgie and florida. a lot of misconceptions and one of the best carmaker cycle, ice cream truck, cab, and etc. scenes ever made. will it all work out in the end? will it ever end? they try real hard to make it campy and use intentionally exaggerated acting. for some reason it works.
"
"it all started with john malkovich. me seeing the movie i mean, not the film itself. i was scanning through malkovich's filmography and saw this film in their. i had heard of the film, but had no idea what it was about but i checked it out. malkovich is close to top billing, but his role is really small...having said that, this was an amazing film. truly a work of art. the movie stars sam waterston ('serial mom') playing sydney schanberg, a new york times columnist who heads to cambodia on the brink of war. bombs have been dropped, labor camps have been set up and schanberg wants to write about all of it. when he gets there he meets dith pran (haing s. ngor, who won an oscar for the role), who becomes his friend and interpreter. malkovich plays schanberg's photographer al rockoff; his role is brief, but he leaves his mark. after schanberg's war entraps himself and his fellow journalists, pran saves him from being executed but is himself placed in a labor camp. the script is based on a new york times article by schanberg called the death and life of dith pran. when i saw that, i figured this would be a rather depressing story. truth is, the film is quite uplifting. the choice to use john lennon's ""imagine"" for the final scene was perfect. anyway, back to the synopsis...schanberg is back in new york, while pran slaves at the labor camp. schanberg has no idea whether pran is alive or dead, but doesn't give up on the idea of one day reuniting with his friend. most films that take place in this setting, i'm not a big fan of. i'm not saying i didn't like these films, but movies like the constant gardener and beyond borders are a bit like this movie. although, for the record, this film is way better. having said those last two things i was surprised that i liked this film. whether you're a fan of these kinds of movies or not, you need to see this. it's an important and uplifting movie, that no one should not see. grade: a
"
"this movie is about a bunch of cheerleaders that witness a murder that tommy jones has to take care of. the girls always walk around in short clothes and tommy struggles with the concept of he has to live with these women cheerleaders and he also cant find a way to talk to his daughter and these cheerleaders help him do that. and also help him with a date he has. if you like that type of stuff this movie is for you. its funny to me but everyone has an opinio
"
"lawn dogs is a surprisingly original and exceptionally well done independent film. mischa barton as devon is amazing. her face is pliable and ultra expressive, and even though she's the strangest little 10 year old captured on film, her adult mannerisms and dialogue show us a little girl who has been treated like a china doll by her parents; she's had a rough life and heart problems, which she explains with a dippety dit, etc. she wants to show that she is still a person and quite capable of doing the things her parents are trying to spare her from. sam rockwell is equally effective as the ""poor white trash"" who mows the rich people's lawns, a put upon young man, surprised at his friendship with this odd little girl. when watching the film, though, watch the subtle portraits that are painted: when devon wants to give trent a glass of water, she reaches for one of the better glasses whereupon her mother tells her there's a glass for him under the sink---when trent takes devon to meet his parents, the mother offers them iced tea--in her best glasses; when trent interrupts a barbecue at devon's house, daddy offers him a couple hot dogs while the rest of the guests are eating steak and baked potatoes; when the community's fancy lantern shades are being stolen, they blame trent, when it's really the nasty little boy who's doing this; when cds are stolen from the golden boys' car, it's trent who is blamed, when again, it's our little cowboy/indian/monster. the supporting performances are very good: kathleen quinlan, as devon's mom, who is messing around with one of the golden boys; christopher mcdonald as her dad, lost in the political workings of the development; eric mabius as one of the golden boys obviously interested in rockwell's body as well. there's no real dramatic big scenes and it's a leisurely film, but barton and rockwell are remarkable and the movie has a sense of realism to counteract the fantasy elements
"
"""dangerous beauty"" is a beautiful period piece based on a non-fiction book. the movie is set in 16th century venice. veronica falls in love with marco, but marco comes from a rich family. veronica's mother advises her that she should become a courtesan so that she can spend time with marco. veronica does so well at the courtesan business that she becomes a favorite of all the men in the city. later she becomes the target of an inquisition by the church for witchcraft. a beautiful story about how women survive in society
"
"i just read dirk's ""spolier"" ending to the mothman prophecies and had to say huh? demonic, fallen angles? what? did we watch the same movie? if all you go by is the movie, that might be the impression you're left with. but if you've ever looked into the events that happened around point pleasant, or any of the books on the subject, you'll see that the mothman was more ufo related than anything. at same time of the mothman sightings the point pleasant area was in a wave of ufo reports, men-in-black, and all sorts of goings-on up in the sky. in fact, mothman played only a very small part in the drama, it was by far predominately ufo related, as keel makes clear. unfortunately, the producers chose to abandon this aspect of the story entirely, and so the happenings at point pleasant lost their entire frame of reference. if you see this movie thinking this was the way things actually happened, you might come to the conclusion of the mothman being evil, demonic, fallen angles, whatever you like. but if you research the incident at all, you'll see you're only getting a fraction of the story from the movie. and if, like dirk, you thereby think you know all about what mothman actually was based on just the movie alone, then all your conclusions end up being based simply on a hollywood writer's imagination and script and nothing more. mothman having anything to do with demons and angels or any religious overtones is as far from the truth as you could possibly be. don't judge by the movie, read the book
"
"best series out there on any sci-fi show, makes you think and imagine the worlds out there in the universe. this is a good after thought of star trek
"
"this is by far one of the very best musicals ever made. kathryn grayson and howard keel displays oscar worthy performances as lilli and fred. sadly, this was grayson`s last mgm film and she did only 1 more(at paramount - the vagabond king with oreste). in kiss me kate she shows us a depth and nuance and is right on target the whole picture through. audrey hepburn won that year`s oscar for roman holiday - but miss grayson should deservedly have won it. the same goes for howard keel. true, he is hammy at times - but it is a remarkable performance he gives(mind u - he was a musical star). william wolden`s oscar for stalag 17 should have gone to mr keel. that`s entertainment and its sequels payed deservedly homage to producer arthur freed and his genius in selecting and delegating crew and performers to the right project were uncanny. yet you shouldn`t negletct jack cummings who produced this film, seven brides for seven brothers and three little words(to name but a few). it seems to me that mgm had an ""mgm-look!"" can u really tell the mgm films from 1930-1960 apart and say which 1 was the director? not really, unless u are hitchcock or fritz lang. what i mean to say that it`s high time cummings, joe pasternak og sol c. sigel comes out of the cold and are giving honours for their splendid musical efforts(bathing beauty, anchors aweigh, in the good old summertime, summer stock, the great caruso, hit the deck and high society etc). i must also pay may respects to tommy rall(soon 2 be one of the brothers in seven brides for seven brothers); he is a dancer`s dream come true:-
"
"my first viewing of the campy film secretary could not have been more ironic because i had been working as a secretary -- ahem, assistant -- for a solo practitioner for only two months. i recall leaving the theater feeling empowered despite knowing that the next day i would have to fetch whatever my boss wanted, when he wanted it. there are bosses, not just the lawyers, who long for the old-fashioned secretary. bravo to the filmmaker for rendering secretary's unflinching revelations about emotional pain as unsettling as its erotic depictions of the catharsis of that pain. i found, and still find, the film to be a surreal and vicarious pleasure. not that what ensues between the boss and assistant in secretary is unrealistic. perhaps you know of a solo proprietor whose temp secretaries kept quitting but who now has a full-time assistant. why is that assistant a perfect match? intellectually, i admire the filmmaker's courage in commenting poetically upon the ways in which american society conditions women to be passive and to devalue themselves. leave it to an art/indie film to expose how some (or many?) american women find themselves either stuck in a time warp of adolescent vanity or suffering through existential paralysis. because american women are taught to identify and value themselves through their relationships with men, it is a total thrill in secretary to watch the script flip the stereotype of the skirt-chasing boss on its head. in terms of casting, i cannot imagine anyone but maggie gyllenhaal in the title role. her secretary is like the repressed alter ego of elizabeth taylor's maggie the cat on that hot tin roof -- full of angst but no less smoldering. maggie g. appears to purr rather than speak. james spader, who once upon a time seemed typecast as a snooty yuppie, gets the chance in secretary to fully realize his erotic potential. while his character can be viewed as tongue-in-cheek, he delivers a genuinely quirky and sensitive performance. when you get down to it, the various vicarious experiences in secretary will please some and repulse others. for me, i received instant motivation to strive for accuracy in transcribing my boss's future dictation
"
"john waters who likes to be called the ""pope of trash"" has done a lot of films that are outrageous in style such as ""cecil b. demented,"" ""pecker,"" and ""hairspray."" ""cry baby"" is a 1990 musical that is utterly silly and frothy, but works nevertheless. johnny depp, now a big box office draw and critical success with oscar nominations for ""finding neverland"" and ""pirates of the caribbean: the curse of the black pearl,"" can be proud of the rockabilly elvis-type singer he plays named wade ""cry baby"" walker. depp performs his ""jailhouse rock"" type number with great energy and rebellion. having him run through sewage pipes in his underwear is enough to set many a teenage girl's hearts aflutter. the female lead is allison played by amy locane who worked in other films like ""airhead,"" ""the mummy"" and ""bongwater."" she does a good olivia newton john-like ""grease"" character of the square girl who has a crush on depp's bad boy. stephen e. miller who was recently seen in ""rv"" with robin williams and previously in ""the accused"" with jody foster does a good job as the square boyfriend baldwin who loses his girl to cry baby. the supporting cast also frolics and froths with ricki lake as sister pepper who is intensely pregnant. iggy pop plays the daddy belevedere and takes a scrub bath in a tub sudsing up favorite parts of his anatomy with gusto. traci lords who was an adult film star plays wanda to the hilt. the deleted scene where she sits in an oversized champagne glass while other hotties romp nearby is way over the top. kim mcguire plays the character hatchet face with a permanent mug. susan tyrell who actually was nominated for an oscar in 1972 for ""fat city"" plays the biker matriarch ramona. she recently appeared with bob dylan in the film ""masked and anonymous."" polly bergen does a nice job as mrs. vernon williams, allison's grandmother, who emphasizes propriety but encourages her granddaughter to follow her heart. patricia hearst (the same i think) who also worked with waters on ""pecker"" and ""cecil b. demented"" does a nice job as the naive mother who uses the ""f"" word in the courtroom. ""cry baby"" is meant for pure entertainment; and that it does! enjoy
"
"this book is not about the grand strategy of war nor is it specifically about the heroic actions of its author, audie murphy, who was, of course, america's most decorated soldier of world war ii. on the contrary, the book is about the war as seen up close and personal by those who actually fought it in the foxholes, on the roads and in the forests, and many times on the open battle fields of north africa and europe. it is a remarkable book which puts the reader right in the middle of the action, right there with the bone-weary dog faces wallowing in the mud at the bottom of their fox holes, right there with them as they slog toward the battle lines with trucks passing them bearing the corpses of those who went before. and, if the reader listens carefully to their gallows humor, he or she can hear them joke with one another as they try to calm their nerves and still their fears. then, he or she can hug the ground right beside them as they are shelled by mortars and artillery or raked by machine gun fire and watch as the soldier, whom he or she has almost come to know, is picked off by a concealed sniper or killed by a mortar blast. in other words, this book is about war and the men who fight it. if i had to recommend one book by means of which a reader could fully understand what it is truly like to be a combat infantryman, this would be the one.
"
"this is one of my favorite movies ever. it really captures life in the 1800's slums and you really get attached to the characters. there are parts that you can barely watch because you feel for the characters. this is a great story about people who hit rock bottom and become much stronger people by becoming tougher and working their way up again to achieve their dreams. i've seen this movie about 3 times and each time i see it, it is just as good
"
"this is a beautiful movie, but please have no misconceptions about what you're getting into. it is not a traditional love story. it does not have a happy ending. you are taken on an incredible journey, and grow to love these innocent people, who burn with passion-- then you see terrible, undeserved things happen to them. but it is still a wonderful achievement in the arts of filmmaking and film acting. it is a story about the human costs of founding a nation, among many other thought-provoking things. it was shamefully overlooked in 1998, and i do not understand why it has not been released on dvd. i appeal to fox searchlight, please dvd this soon.
"
"friday foster may not be foxy brown, but it's well worth your time if you're into this genre. it does have a catchy little theme song! it doesn't have alot of the action and violence of other grier films, it's more about unravelling a conspiracy. jim backus is given high billing, but only appears in one scene. carl weathers is at the bottom of the billing, but appears in most of the film-but that's a good thing, coz who doesn't like carl weathers? yaphet koto, as usual, is a joy, and actually gets a few laughs. for those like myself who occasionally fantasize coming home from work to find a naked pam grier in the kitchen making goulash, will enjoy the two topless scenes. foster sure has no problem jumping into the sack with people in this one. basically all i can say about friday foster is that it's a sure bet if you dig pam grier and/or blaxploitation movies. i know i dig
"
"this is the best of the best. hands down this is one of the best broadway concerts you will ever see. colm wilkinson, lea salonga, michael ball are all amazing. fabulous talent, great singing
"
"i had not heard of this production, so i had no expectations of it. i am a fan of the bbc literature miniseries, and the lead actor in this had a small, disagreeble role in ""wives and daughters."" what a nice surprise to see him in such a positive role, so charming and sincere. he is wonderful here, complex and layered. i found this film to be an unexpected joy. the plot has many twists that went in unusual directions, the countryside vistas are gorgeous, it is like a rustic country vacation with a love story. if you want to find faults, there are always some to be found. the villian is handsome but one dimensional - and what is up with the ""soul patch"" beardlette and the hair? the heroine is lovely, but really a bit too young to have the acting complexity to hold our interest for this long. one of the sisters has horrible modern highlighted blonde hair which many actresses have now, and it is the bane of period movies... why didn't they fix that? some of the plot points are silly and expected, but still... overall, this is a delight, and the costumes, sets and villages feel authentic and isolated and real. at the half way point, the story completely surprised me and took us to a different place. how fun. this film is also a rare one; in that i think both my parents would enjoy it. it is enough of a man's story to hold my father's interest, but enough of a woman's story to keep it lively and lovely. much of the action is outdoors at some locations which are part of a national preserve/park which lend a fairytale quality to the action, perfect for this legend of a magical romance in a very real world. completely enjoyable
"
"100 men and a girl is the story of a group of musicians who are out of work. they seem to be led by one man (adolph menjou) whose energetic daughter patsy (deanna durbin) will stop at nothing to see her father and their friends find work. she decides to bother famed conductor leopold stokowski for help, but he only becomes annoyed. instead, she finds a rich woman who promises nonchalantly to sponsor an orchestra if it existed. patsy proceeds to gain hope and organizes the orchestra only to find that the woman has left for europe. patsy decides that her only choice is to berate the woman's husband and stokowski for support, ensuing great comedy. deanna durbin is still a little girl in this film, bright and cheerful. she has a great sense of comic timing and displays her usual charm. the songs she sings ""it's raining sunbeams,"" ""a heart that's free,"" ""hallelujah in f major,"" and ""traviata"" are operatic but well sung. mischa auer plays michael, one of the musicians, and a very funny one at that. he adds plenty of laughs to the film. there are a few spots where a black box rims the film during montage sequences. this is a bit distracting, but otherwise, the camerawork is excellent. one notable scene is where the unemployed orchestra congregates on a staircase to play the ""second hungarian rhapsody,"" photographed artistically and beautifully
"
"probably the best portrayal of louis l'amour's sackett series. although more than one book was used, it all ties together. casting was excellent. i would highly recommend this dvd for all l'amour and/or sackett fans
"
"this episode embodies why i love this series. the bad guy is bad - and makes appearances throughout the series. and now, this episode offers some more understanding of the wraith species and actually begs you to learn more of what initially seemed to be a barbaric bunch to kill at all costs. now you really don't know what to think...except that today is a day of honor. i won't blow it for you. watch this one first if you're not sure about which episode to sample... and savor what makes this series a landmark in sci-fi adventures.
"
"i really like these tapes. the first one is pretty easy, but it is very relaxing, and i use it on days when i want to take it easy. the second one is somewhat challenging, and the third one is even more so. these tapes are a great guide from a beginning level to a more advanced one. tracy rich is a very good instructor and makes you feel comfortable. i also like how they (ganga white and tracy) show different versions of the poses with one being more advanced
"
"we rented the lorax because i realized i hadn't seen it since 1978 on a reel-to-reel tape in my elementary school library but i loved it. somehow 27 years later i knew a lot of words to the songs, but was struck by how much the message of the movie is relevant today. if anything, these days this movie would not be shown in a public school or on television because the fcc would investigate its subversive message of enviromentalism, critique of consumerism, and caring for others. as for pontoffel pock and his magic piano - i have no memory of this movie, and i have to say that it is one of the most bizarre things i've ever seen. let's just say theodore giesel meets timothy leary and ken kesey and keep it at that
"
"i love this story for my boys. it is now a story i put on for my grandson. it keeps their attention and there is always something going on. i do wish that the few cuss words that were put in this movie had been ommitted. you should explain that this has nothing to do with your religous beliefs. it is really entertaining. i love the bird and i love the song bright eyes. i would recommed this for anyone 8 and up. i don't think girls care for it as much as boys.
"
"i have to say that i picked this one episode out of the many as an example of the talent of these two gentleman. if you see comedy and want comedy that is more direct and honest in how it portrays different groups, this is the series. i enjoy their skits and think that it simply pokes fun without being mean. that is hard to do. the different characters they take on makes me think there is more than two guys, they are that good. in my humble opinion. you do not need to be an anglophile for the series but it would really help to be an anglophile valley girl for the vicky skit.
"
"this is a pretty original 70s horror movie starring two very likeable and attractive stars of the era - katharine ross and sam elliot. it's just fun, not really all that scary or even too tense. basically sam and katharine end up unwilling guests in a spooky mansion where the guests are dropping off like flies while waiting for an old spooky man to pass away and leave them an inheritance. roger daltry makes an appearance. the deaths are all way over the top, and it's just fun. dvd is the movie plus a trailer. that's about it, but the transfer is great considering the age of the movie. great spooky flick for a cold night by the fire.
"
