"i have been hankering after this great album on cd for a long time now. imagine my surprise to suddenly find out that it is available. surprise turned to shock when i saw the price. does the company that produces this cd not realise that are people all around the world (including south africa where i live) who are very keen on this album? at this stage though, it is only the very wealthy that can afford it.
"
"just loved this cd!!!! you'll be singing or humming this to yourself for hours after you hear it. if you are 35 years old or older you'll love it. the memories will come flooding back to you. enjoy it!!
"
"this is, i believe, the best fleetwood mac album ever record by the band. it begins with a nice quick paced tune, ""second hand news"" and proceeds to move into many textured songs from there. the album itself does not have a bad tune on it. in fact, of all the 'regular' albums from fleetwood mac (excluding greatest hits compilations), this album has more hits on it than any other. hits like 'dreams,' 'never going back,' 'don't stop,' 'go your own way,' 'the chain' and 'you make loving fun."" all of these get enormous radio play. moreover, 'dreams' was a number one hit, and the album itself held the number one slot for months on end, and has sold over 18 million copies in the u.s. and over 30 million worldwide, putting into the top 50 best selling albums of all time. in fact, an interesting tid bit from the liner notes of the cd describe how the album had such an impact on america's youth that during that generation if you were to ask a student to spell 'rumor' there would inevitably be two 'u's' in the spelling. now that is a very strong impact on culture. every song on this album is arranged on the album as if it flowed right into the other making for an overall well rounded album. one of my all time favorite songs from fleetwood mac is on this album, ""never going back"" which contains some great acoustic guitar work from one of rock's premier guitarists, lindsey buckingham, and, in my opinion, the best christine mcvie song ever written, ""songbird."" now, with this release, you can also get, on a second cd, the various rough takes and outtakes of the songs on this album. this makes for great listening, to hear how the songs developed and were recorded. moreover, early demos are included along with two 'jam sessions."" now, more than ever, this is a must have cd for any lover of rock music (or music in general for that matter). if you are a fleetwood mac fan, then chances are you own this album, but if you are just getting introduced to the band, then you must buy this cd. i highly recommend it
"
"jigga is incredibly hot on this album beanie is good to great. memphis bleek, is really good on this album, but is overshadowed. his ""534"" shows how good he is, this album does not. overall as an album it does a good job of showing off roc a fella, but not to much about the dynasty
"
"as with all of zucchero's cd's, this is also wonderful. i listen to it all the time, it's sensual and sexy and great
"
"this is a great movie soundtrack!. i'm a passport fan since i was a kid back in the 70's. i have all klaus doldinger's official releases with his passport signature. please go and look for this cd ""running in real time"" from passport and listen to track number 2: auryn. then go and get all his passport releases (almost 20 cds since the 70's). then you will see why klaus doldinger is very creative
"
"i am listening to badfinger even as i type this review. this is the best of badfinger vol 2, and i thought volume 1 was great !! as previous reviewers have said, what an absolute tragedy the story of badfinger is (buy the book ""without you"" the tragic story of badfinger). well i have everything they have released, if you do buy any of the badfinger best ofs, you will more than likely get hooked and start collecting all of their albums.some of the best songs on this cd are off ""wish you were here"" their best album by a mile imho.in fact 6 of the 9 songs on wywh are on this compilation. they were such an original group with every member capable of writing an exhilirating hit song. just have a taste of ""just a chance"", ""you're so fine"", ""meanwhile back at the ranch/should i smoke"".they were just so good, damn i miss them
"
"as a fan of both celtic traditional and bluegrass music i was wary of a cd claiming to be a hybrid - too often it means an unsatisfactory compromise where original flavours become watered down and insipid. i need not have worried - tim o'brien has produced one of the most amazing and rewarding musical journeys i've followed for some time. not only do the players from the two traditions blend instinctively and harmoniously but the tracks , mostly songs, are marvellous vehicles for new and exciting directions. there are superb performances all round, vocally from o'brien with guests paul brady, maura o'connell, kathhy mattea, del mccoury etc and musicians altan, frankie gavin, jerry douglas, earl scruggs, seamus egan and a host of others and the sound is fresh, acoustic and vital, requiring no production gimmicks or effects. standout songs for me personally are andquot;mountaineer is always freeandquot;, andquot;lost little childrenandquot;, andquot;wanderingandquot; and andquot;john rileyandquot; although there is not a weak track on the cd. it is obvious that for tim o'brien this has been a labour of love. if you like acoustic music, from any tradition, either side of the atlantic, you'll love it. several of my friends have bought it on my recommendation and agree it is brilliant
"
"with all the 'neuvo flamenco' and its accompaning popularity. it is nice (and a relief) i might add, to hear the flamenco guitar in its purist form. not only does this cd contain sabicas and nino ricardo. it also contains four very rare perfomances by manolo de huelva. which are difficult to find anywhere. also included are melchor de marchena performing six pieces. this is truly pure flamenco at its best
"
"grew up on this group. love them then and love them now. own the andquot;best ofandquot; collection but you can never compile the best on one cd. for those winans fans you know what i'm talking about. these brothers are music genuises especially marvin winans. like stevie wonder they were ahead of their time. my favorite song on this album shares the message of all times. andquot;together we standandquot; opens up the eyes to all race,religion, and creed that its time to come together if we want to see a change in this world regardless of background. entire album is great including the celebrity appearances such as stevie wonder, teddy riley, and aaron hall. i like the flavor the cameos add to this album. if you're into mid-tempo music this is the album to purchase
"
"i bought this cd before going to see mmw (with john scofield) for the first time at first avenue in minneapolis dec 7, 2006. i had never heard of them before and liked the clip on the venue's website. so i bought a ticket and wanted to get ""out louder"", which i knew they were going to play, to familiarize myself, but the store i was at was out of it. so i bought ""end of the world"" instead. while some of it was a little too spacey for my liking at first, i still liked the overall funkiness of it all. then....i saw them play. you must see them play!! i didn't ever want it to end! i immediately wanted to see them again! it's less than a week later and i have 2 more cd's (""out louder"" and scofield's ""a-go-go"" which they ""back"" him on) and 4 more on the way from amazon as i'm writing this. i'm like an addict now! i have to have them on in the car and in the house. i get back in the car after having been in a store or whatever and they're on and all is right with my world again. i must say i like ""out louder"" and even ""a-go-go"" better than ""end of the world"", but only slightly. it is trippy with the synth and the other guest players, and i do like it better after a few listens. i just prefer mmw with less guest musicians
"
"how dare you compare oasis to phil collins. phil collins sucks and oasis rules! how come you don't get the message? you're retarded
"
"to be honest i can't think of a word that can explain the emotional link with this album apart from it being the most beautiful sound i've heard. for me listening to this album makes me feel emotionally confused but absolutely complete at the same time, never before has an album stopped me in my tracks as firmly as this one. my favourite songs on the album are ""the only moment we were alone"" and ""six days at the bottom of the ocean"" every time my ears are blessed with these artworks i'm am fixated on nothing else but them. i literally cannot communicate with anyone or anything i just have to listen to them intently. this album is not as experimental as ""those who tell the truth shall die those who tell the truth shall live forever"" but i feel it is just as good and the songs are put together impeccably well, with no song being neither longer nor shorter than it has to be. i love the pure, clean sound of this album and see it as light as the wind. the trance that this album provides is indescribable; i'm not saying if you buy this album it will have this exact effect on you this description is merely from a personal note. either way i strongly recommend this band and album to anybody who is looking for a purchase, for you can have no doubt that this album is extremely well produced, written, recorded, thought out and sounding. buy it, you will not regret your choice one bit.
"
"when i bought this i played it on repeat for about 45 hours. different versions than on the album (i think it's their demo). this version of modern age is amazing. definitely worth buying
"
"while photek was (and still is) reknowned for his minimalist approach to breakbeats and electronic sound, his approach changes significantly on andquot;solaris.andquot; starting off with the first three tracks, his beats still retain some of the stattacco nature of his earlier work (especially on andquot;modus operandiandquot;), but sound more full, more resonant. the tracks where he wanders into the realm of house were quite repeditive, and despite robert owen's wonderful efforts (first time i've heard him), they were lacking. the best track on the album, and one of the best photek works is definitely andquot;infinity.andquot; the rumbling bass really cuts right to the core, and reminds me a little of source direct. the trip-hop efforts are good for his first attempt at such music, but the more ethereal andquot;halogenandquot; left an impression. a wash of sound that previously parkes would be itching to rip apart with a snare roll, it comes off much better for the lack of any true form. not a great album, but solid and indicative of where photek would like to go in terms of his future works
"
"i love this album. mc lyte is one of the best female rappers.how can someone not like her rap
"
"i love this soundtrack! it stands alone as beautiful, haunting, alluring, and innocent--just as griet herself was in the film. desplat perfectly captured the spirit of the story, enhanced and deepened a plot that was less than stellar. scarlett johanssen's acting is superb, as well as essie davis and colin firth. the story, though, was a bit tired--pretty housemaid/jealous wife/do-nothing husband. its portrayal of vermeer and his wife was a disservice to the real people, even though it is a fictionalized account. the two best tracks on this album are 'griet's theme' and 'colours in the clouds'. while i'm not keen on seeing the film again, this soundtrack is a treasure. it's a real work of art, second only to vermeer's work
"
"leo kottke is a national treasure. he is our greatest living solo acoustic guitar virtuoso. having said that, you'd expect his cds to be at a very high level of brilliance. i have at least a dozen of his titles. if there is any trouble in deciding the merits of any one disc, it's because there are so many kottke releases to choose from. ""one guitar, no vocals"" clearly ranks as one of the best. the compositions tickle my brain, warm my heart, and put a bounce into my step. the guitar playing is dazzling. you really get a glimpse of the man behind the guitar by listening to this music - brilliant, thoughtful, odd, complex, quirky, a huge heart, and the wackiest sense of humor. it's spirited music, so thoroughly drenched in the personality of its creator that it's unmistakably and immediately recognizable as leo. the world is full of acoustic guitar instrumentalists these days. some of them are quite excellent. many are not. but there is only one leo kottke. and his guitar music is a gift to the world. a very strong recommendation for this cd
"
"low tech and brilliant, music that seems to have channeled zappa, winchester cathedral, and god knows what else. incredibly funny, and then suddenly sad. mr pink is a genius, you betcha. and he explains what it is and how it is to live here in this strange quasi-city in the shadow of the industry, in the curiously full and fun wasteland of other people's dreams
"
"this cd reminds me once again why russian liturgical music is one of the treasures of the world: beautiful, profound, awe-inspiring, uplifting. for the most part, the pieces are well chosen and the performances excellent. i am delighted to see that many of the tracks are from the classic recording of the rachmaninoff vespers made in the early 1970s by the ussr ministry of culture chamber choir directed by valery polyansky, and released in the usa by angel-melodiya. i wore out my copy of the lp years ago; although it has been reissued on cd, it's out of print and very hard to find. so it is wonderful to see a generous selection from that recording available on this disk. listen to track 11, ""praise the lord o my soul"", sung by the chamber choir and mezzo irina arkhipova. you would have to have a heart of stone not to be moved as she sings ""slava ghospidin"" (praise to the lord). and listen to how the basses descend to b-flat at end. it just doesn't get any better than this
"
"i'm just starting to become a true fan of pigpen. earlier, i just didn't get him and i would constantly skip forward to more of the gd extended jams. lately, i've started to get what he was all about and what made him such an important part of the early dead shows. i'm glad i picked up this set. it's pigpen's night and we should all be happy for this nice memory. pick it up. note: the rest of the band has some fine moments too!!
"
"i would have to say that out of the countless bands i have heard over the past few years into eternity is one of the best and has one solid album here!! i think they have something a lot of bands do not have and the one cool thing about them is tim roth seems to give a real crud about his fans as he does guitar videos on his website to show you how you can break down his guitar riffs and that to me as a guitarist is so helpful (ive learned some of their songs this way) and this shows how he is not afraid to be the nicest guy and actually take that kind of time to be close and original to his fans.you just never see that these days. and the rest of this band has so much talent, stu can scream like halford growl too and has a high vocal range and it makes them sound interesting. plus jims drum work, how can anyone say this dude isnt one of the better drummers, he is so tight but can slow it down and tempo change very well. this album plain rocks, it should be known as these guys were on gigantour and rocked there too. be cool if them and annihilator went on tour. i have become very fond of them and hope they stick around and keep making great albums in a world overflowing with the same ole un-original bands that all sound the same!
"
"this truly is a masterpiece of pop music. there is not a wasted moment. the songs all blend together majestically one after the other. you really must listen from beginning to end to get the full effect. i agree with the reviewer that stated that 'don't look back' is one of the best songs i have ever heard. i told a colleague that my heart melts when it plays. i don't mean to be gushing but this album stands apart. i had to put it away for awhile because it is somewhat addictive.
"
".and so worth the price of admission. 6 cds worth to be exact. coleman's musical voice is so free and full of life! it really is beautiful
"
"i love almost all of these songs on this cd. if you want songs that grab your every emotion...this cd is for you! i also recommend their other cds also
"
"dream is a great album where keller coloboarates with many of his favorite musicians including bob wier, bella fleck, victor wooten and string cheese incident. all the songs are unique and great to sing too while driving or anytime!
"
"tosca's suzuki is not breaking any ground, but by god they have mastered the art. this album is just so professional sounding, very nicely produced. this is how i envision trance to sound like, so much garbage out there it taked a while to sift through and find a golden little record like this. funky bassbeats and killer sounds. it's what they call ethereal....i think. it flows so well from track to track, quite the odyessy in under an hour
"
"i consider this the first album in the second half of the career of oasis. following the departure of bonehead and guigsy, this album is basically all the gallagher brothers. having learnt lessons from be here now, oasis have gone back to a more basic style of production as opposed to the over the top production from be here now. while the songs are not as good on here, they sound better and the whole album sounds as if it wasn't as rushed. this signifies a big change of direction for the band, with little less ego's and a more sober approach to their music, it is only the songwriting that lets this album down. my least favourite of all oasis albums, it features two really good songs, 6 mediocre and 2 dreadful ones. it is missing another two songs to make it complete, i think it should have included the b'sides 'lets all make believe' and 'carry us all'. it still includes a few beatle-esque songs 'who feels love' and 'roll it over' and noel once again takes over lead vocal duties, this time on two tracks, 'where did it all go wrong' and 'sunday morning call'. this is a very important album, it grounded the band again after their ego's had taken off. this helped relaunch the career and because of it they sound at their best today
"
"wow! i love this spykids movie way better than the first one. i think of the first one as an introduction for the characters and the sequel is the big adventure for all the cortezes and even more characters, like the giggleses. we met donnagon in the first movie, and he was the reason for the cortez parents to go on the mission. now we see that he has kids and we relize that he has bigger plans for the oss. and what about alexandra, the preisidants daughter? she is the main reason we know about the transmooker device, right? also grandma and grandpa cortez are joining us in this movie. i think robert rodregiuz did an execallent job on the sequel, spy kids 2: the island of lost dreams. ... the sequel is awesome!!!!
"
"this is a glorious recording of one of the most lyrical, haunting scores ever composed for a film. each succeeding track is a treat for the ears, refreshing and invigorating. neeley and varese sarabande should be congratulated for recording and releasing this hirtherto neglected gem. in my opinion, though, the only part of the entire cd that doesn't work is the beginning of the ""waxworks"" track - the score to this particular moment in the film (when norma, watching herself onscreen, rises triumphantly to proclaim ""i'll be up there again, so help me!"") is one of the most powerful and recognizable images in filmdom. in the original, the music is strong, powerful and almost spine-tingling, but this moment on the cd is underwhelming and not fully realized. however, what is one misfire (totalling all of eight bars, at most) compared to the richness and texture of the rest of the recording?! in short, if you love film music, you most likely love the score to sunset boulevard - and if you love sunset boulevard, then you will most likely love this recording, too
"
"i love jazzy hip-hop of the early '90s and if you do too,this is the album you must listen to! all the songs are wonderful but there are some of these which are something of supernatural like the famous (and the most beautiful of the entire cd!) ""award tour"", ""steve birko(stir it up)"" and ""midnight"". enjoy this pearl of real hip-hop!!!
"
"paul hardcastle is a member of a select group of smooth jazz artists that makes the format ""work"". i was in radio and that format and also a music director for a former buffalo, ny fm smooth jazz radio station. (wsjz 92.9
"
"la pelicula es mas o menos, pero la banda sonora es buena, en especial la cancion #1 crush de garbage, es una excelente cancion...
"
"if you're a dion fan don't miss this cd. all the hits including my favourite - donna the prima donna
"
"del spits brilliant lyrics and produces excellently... the beats of songs merge together as tracks change... el-p makes a cameo... casual makes a cameo... prince paul produces a track... get this album
"
