"this book is extremely informative, eye-opening and interesting for someone thinking about getting a tattoo. i was very happy with my purchase of this title and have such a more indepth and greater understanding of what is involved with tattooing. great buy
"
"once i got super glue on my fingers and i tried everything!! and i could'nt get it of so i got out the book and it gave me the soultion
"
"i would recommend this book to anyone studying andquot;romeo and juliet.andquot; i would have never made it through english class without this book
"
"the hitchhiker's guide to the galaxy is the number one best selling book in the galaxy for many reasons. one it is slightly cheaper than others, but most important is that it has the words'don't panic' written in bold letters on the cover. the story of the hitchhiker's guide to the galaxy revolves around this remarkable book. this story strangely begins when the earth is destroyed by a vogon construction fleet clearing the way for a hyper space express way. the last earthman, arthur dent, is saved by his best friend ford prefect, who is actually an alien that comed from a small palnet somewhere in the vecinity of betelgeuse. they are soon thrown out of an air lack and rescued by the heart of gold using the infinate improbability drive. inside they meet up with zaphod beeblebrox, the two headed, three armed president of the galaxy, trillian, an earthwoman who arthur failed to pick up and wnt with zaphod, and marvin, a parinoid android. this book tells of there amazing adventures throughought the galaxy. these adventures involve mice, an abandonded planet, a rather suprised sperm whale, and the number 42. i loved this book for many reasons. one reason is that it is filled with unexpected humor. another is that it gives a good spin on life. i could always count on this book to cheer me up. don't just stop with this book there are many others in this series.
"
"yes, ben witherington is a (relative) conservative, but don't hold that against him. yes, he has strong opinions, but don't hold that against him, either, because they are well argued. the fact remains that this is the best overview of andquot;third questandquot; jesus scholarship i have been able to find. admirers of the jesus seminar may not appreciate his critique, but it is very fair and well-thought out. one of the benefits from a book like this, besides giving interested parties a launching pad for further research, is that the different views of jesus can help one achieve a well-rounded portrait of the savior. no one scholar gets it right all the time (not even witherington, with his own view of jesus as god's wisdom), but the different insights are valuable, because jesus is bigger than what any one person can comprehend. that should be a cause for humility (something some jesus scholars have lacked, at least in print). i highly recommend this book for anyone interested in contemporary jesus scholarship
"
"along with ""from science to god"" mr russell establishes himself as one of the masters of spiritual reawakening. although this piece has more doomsday in it than his later work, it has the same hopeful message and the same readability. in both books mr russell never seems to lose the reader in scientific mumbo jumbo, even when discussing very complicated subjects. that isn't a statement on his intelligence or research, but rather on his ability to communicate on all levels. neither does he offend when he deals with the spiritual aspects of his writings. in short everyone can sit around his table (well, almost everyone). read'em twice.
"
"i love this book--it's beautiful. this book is a delightful romp through the farmyard, with goose leading the way across the pages as she chases a butterfly, causing the ruckus with all the animals. the abstract artwork truly appeals to adults and, therefore, may be too difficult for very young children to comprehend: the pigs in the muck, the kittens in the hayloft, the pigeons in the rafters all might be a little tough for a baby to distinguish. but a parent rereading the book several times in a row will appreciate seeing fleming's gorgeous art each time. my nine-month-old son reacts to the colors with glee and my imitations of the animals with laughter--this is definitely one of his favorites. i highly recommend this book
"
"dave barry has written and selected an extremely humorous collection of his articles from the miami herald. there is a huge margin in difference of quality in boogers are my beat than in his initial non fiction books such as dave barry's bad habits. boogers are my beat is one of those rare books that once you start turning the pages you don't want to put down until the back cover. dave barry educates his fellow man on a diverse range of topics such as why you can't use the towels hanging in the bathroom, the salt lake city olympics, babies on airlines, north dakota, bear in the big blue house and cell phones to name just a few. his article written the day after september 11 and one written a year after, about the philadelphia crashed plane are also included which prove barry could have been a serious writer if he had pursued that career. thankfully he didn't because the rest of the book is hysterically funny as is his carl hiaasen style fiction novel tricky business. big trouble isn't bad either. check them out along with his other non fiction novels as well.
"
"the first time i read this book, i was watching it all happen. i'ts like i was invisible. i admire elizabeth for having the guts to do what she did. i would have fought back, but she did it the safe way, she didn't resist. reading this book, you feel like you know the smart family. i pray for all missing children everywhere. elizabeth is the luckiest girl in the world! mary katharine was so cool and collected. she is amazing too. read this book
"
"this is a straightforward description of reading and writing the arabic script. if you have no experience with arabic i think you would still need to locate a teacher or native speaker as some of the letters are very difficult to pronounce as native english speakers. however for the most part its easy to follow and would give you a great start, especially before you take an arabic course. if it came with a cassette with pronouciation i would have given it 5 stars
"
"(3.75) the other reviews can reveal what this book is about. what i wanted to share is the extreme responses this book incited in my boyfriend and me. he alternately found himself loving the narrator, yuriko's sister, for her brutal honesty and hating her for her malice and psychological bullying of kazue. meanwhile, i found myself rooting the narrator on as she spoke the cruel truth about the pitiful hopelessness of kazue's meritocratic dreams, but a moment later i wondered if that made me a bully myself or as bitter and heartless as the narrator. perhaps it reminded me too much of what i had seen growing up to shock me. then, there was the simultaneous hilarity and pain of kazue's cluelessness. was she a tragic figure, blind, or both? i admired kirino for inspiring me to feel so much for her characters, even for yuriko, who is certainly not the ditsy airhead her older sister wants us to believe she is (i also found it hard to believ she was as ghastly as she considered herself in her 30s: is it just because women past 25 in japan are regarded as christmas cake, as a friend from japan says?). my attention was quite strained by zhang's tale of chinese hardship (it seemed the wrong book to educate the reader about how difficult it is for immigrants in japan), but i immediately forgave kirino when yuriko's older sister admitted herself zhang's account was tedious and could be skipped (i'd recommend others to skim it as well). again, my patience was tested by kazue's journal: i just kept on thinking, aren't you ready to die yet? but i see this was intentional on kirino's part, to make the reader struggle between our (or my) wanting kazue to just give up on life and our feeling ashamed for our coldness and complicity in her bullying. it also made my boyfriend and me think concurrently of the people we loved in our own lives who were heading towards the same fate as kazue and yuriko, not through prostitution but through drugs. what did disappoint me in the end was the last chapter, which seemed a cop-out. if only an editor had suggested it was unconvincing and encouraged her that an alternative, though more shocking, would be more in line with the narrator's character, but that is wishful thinking on my part. when i give this book to others, which i will, i will make sure to discuss with them, when they've finished, what they thought of the ending. this book could have been edited down a hundred pages (back when it was written in japanese), but for what it did offer, i have no regrets for its consuming my attention entirely and will always look forward to further translations of kirino's books. this book may not be the masterpiece ""out"" was, but for anyone who has gone to an elite school on scholarship, striven to remain a petite zero, wanted to excel while recognizing how off-the-mark our values of judgment are, or wondered just how much her body could be worth, reading ""grotesque"" is just as powerful an experience as reading ""out"" was
"
"i love these type of memoirs. a person who is not boasting about their skill or having an attitude. simply shares the love of his work and love of his county. all of james herriot's books are wonderfull. i was introduced to the children's books a few years ago and just recently started reading his memoirs. love it, some parts were a bit dry but the books still flowed well and drew you back. love the depth of scenery and anicdotes about the area. recommend any book of his
"
"gaylife on the english countryside is like everywhere, you never know when your bf (boyfriend) gets bored with you. the battle with london's competitive nightlife makes you reguarly ask yourself: andquot;what have i to offerandquot;? the efforts to entertain your bf are as tiresome as the question how organize your own life so it won't get dull. and once you got things fixed you yourself run into this willing guy. the tragicomedy the spell tells the story of four men, robin, the ageing architect who enjoys his life together with his younger bf justin, a witty layabout, robin's son danny, a georgeous body dealing in superficiality and justin's former lover alex, a well-mannered young man in search for consistency. to find out if they all get what they want is a truly delicious way to spend your time. the story is written out of the perspective of all leading parts and therefore very nicely ballanced. hollinghurst is gifted with a great sense of attentiveness. his characters show many different moods caused by tiny events. every self-assured attitude is merciless exposed. i recognized myself and my friends many times without realizing this ever before. it made me smile and reassured me. i think this is hollinghurst's most post-modern novel. unlike the swimming-pool library's sexual odyssee this is a splintered glimps into life and how down to earth it can be
"
"i'm amazed that people didn't like this book more... i am also a land arch student who had it as an assigned book that was rarely actually assigned. i was thumbing through it in hopes of generating ideas for another class and was amazed at the amount of usable information it contained. perhaps it is better digested in chunks instead of the whole. i found it great as a reference book
"
"i'm a big koontz fan and as is generally the case, i greatly enjoyed this story. it was a little strange but that's to be expected from this author and genre. that said, it starts off fairly quickly and flows well through most of the book. it had the curious sense of near-division in that the book almost seemed to be separated into two distinct sections that were not, in my opionion, as well-connected as in many of koontz's other books. in addition, the ending seemed a little hasty. thus i gave it four rather than five stars. that said, i would gladly recommend it to a friend as i would most any of this author's work
"
"as china re-emerges as a dominant power in the 21st century, much will hinge on the beliefs of the people in that country when it comes to the actions it takes and tolerates around the world. oddly, the fascism of the communist regime remains largely in place in the era following mao's disastrous reign, even as capitalism and other western ideals spread like wildfire through this huge, heavily-populated, and (from a western perspective)oftentimes strange land. aikman does an excellent job of covering the basic bullet points of the history of christianity in china, as well as introducing readers to the many chinese christians who have led or continue to lead the church in their country. on a recent trip to china, i was highly impressed by the deep generosity, humility, resourcefulness, strength, perseverance, and kindness exhibited by chinese of all ages. this spirit hums just below the surface in the stories aikman tells of the christian chinese and their faith. this spirit is also, i believe, one of the major reasons why the life and teachings of jesus seem to so easily take root in the hearts of so many chinese. also, those who are concerned that a ""christian china"" would somehow gut the land of its culture and heritage while propping up a westernized facsimile in its place should rest easy. it seems that the faith is spreading through this nation in a very distinctly chinese way
"
"dragons are certainly among the most quintessential elements of the fantasy genre and their likenesses comprise one of the cornerstones of the art associated with it. dragonart: how to draw fantastic dragons and fantasy creatures is both an enjoyable browse and a useful guide for anyone interested in creating their own dragons or other fantastic creatures with pencil and paper. dragonart is divided into three major parts, fantastic dragons, unique details, and other fantasy creatures, along with an introduction, a section on how to use the book, and a brief guide to fantastic creatures. lessons in this book are progressive in nature, beginning with fundamentals and moving into increasingly advanced aspects of dragon design, all illustrated with step-by-step illustrations that are punctuated by helpful tips and tricks throughout. and author/artist jessica ""neondragon"" peffer has a clear, easy writing style that can be easily comprehended, absorbed, and acted upon, an example of which follows below. ""okay, so we're going to discuss the anatomy of a creature that exists nowhere but in our minds. sounds kind of silly to say that something made from pure imagination does not look correct, but that will happen if your creature doesn't look believable. to help make your dragon as real as possible, base its structure on real creatures,"" she writes at one point (page 44). ""the ideal dragon is likely a mix of cat, bird, and reptile body types. the trick is choosing which parts to keep and which ones to throw out. you want it to feel like a single creature."" this advice, incidentally, is very reminiscent of that given by leonardo da vinci in his notebooks for drawing creatures of this ilk, making peffer well read or naturally very insightful, either of which speaks well for her. under ""how you should make an imaginary animal look natural,"" the increasingly famous renaissance man writes, ""you know that you cannot invent animals without limbs, each of which, in itself, must resemble those of some other animal. hence if you wish to make an animal, imagined by you, appear natural -- let us say a dragon, take for its head that of a mastiff or hound, with the eyes of a cat, the ears of a porcupine, the nose of a greyhound, the brow of a lion, the temples of an old cock, the neck of a water tortoise."" dragonart also includes guidelines on drawing a number of other sorts of fantastic creatures, including basilisks, chimeras, gargoyles, and griffins. for those interested in applying the guidelines presented in this book, a companion dragonart kit: how to draw and paint fantastic creatures that includes a compressed version of the book and some art supplies will also be available soon. author peffer is also the creator of the popular fantasy art website neondragonart.com, which can give anyone potentially interested in this book the opportunity to get a sense of the kinds of creatures they can learn to create themselves.
"
"if you're only slightly interested in the ways the evolution works, then this is it. but beware to have some knowledge about the basics of evolution before moving on to this book. there's a bit of a steep learning curve when you're not all to familiair with darwin's brilliant theory. it also gives a nice insight in the way scientists work
"
"dr. temperance brennan, a forensic anthropologist, is called upon to aid in the investigation of a commercial jet crash in the mountains of north carolina. andrew ryan, a colleague and romantic possible, turns up on site also when his partner in the quebec police is listed on the flight manifest. when temperance discovers a foot that does not seem to come from the disaster site, things begin to get dangerous for her and those around her. it becomes a clue in a deadly mystery involving many highly placed individuals who want their secret to remain just that , a secret. temperance and ryan spark reactions from each other, the question is, will it ignite or just smolder?? this novel is full of forensic science and detail that open the door to a fascinating yet gruesome world. kathy reichs has an afterword page in which she talks about 9/11 and the real disaster site in nyc where she aided in determining the identities of victims from the twin towers, serving on the government disaster response team, much like temperance in this novel.......although she says the horror and emotional impact was more than she could have imagined. the novel was written and published 2 months before the real disaster occurred
"
"this book was the first one i ever read about programming. it launched a whole new world of logical and complex thinking that i could never have understood without the magnificent touch that the author gives us. he applies very simple examples to explain very complex matters about programming instances adding humor and intelligence... what else would you want? it's simply excellent. 110% recommended.
"
"immediately upon starting dickens' ""our mutual friend,"" i was struck by parallels with dumas' ""the count of monte cristo."" both big novels revolve around a powerful character who conceals his identity in a complicated plot to obtain social justice. the count deals with the darker theme of revenge. our mutual friend is an exploration of the corrupting influence of wealth. the novel is lively throughout, as dickens displays his tremendous diversity of writing talents. the tone ranges from heavily ironic criticism of upper-class politics and antisemitism, to delicate romance, to witty visual humor. the characterizations are highly original; even those at the extremes of vice and virtue display engaging ideosyncracies. most impressive to me was the consistency of dickens' plot. our mutual friend was written and published in installments, as was the count of monte cristo. but dickens keeps his story on track throughout, never dropping a character, while dumas' tale is full of gaps and inconsistencies
"
"i have just finished reading andquot;the power of ethical management,andquot; and i thought it was well written. in the past few weeks i have read several other books on business ethics and this one is my favorite. it is short and exact with great details on how to improve your corporation as well as yourself. this book not only can be applied to the work place but in your life at home, family, friends, and children. this book has helped me greatly
"
"this is a cute tale of of young girl fantasizing about an adventurous and unfettered life, not a bitter anti marriage tirade. her suiters are symbols of adult responsibility, which she will ultimately grow into. in the meantime, she is having a good time. the story is funny, the illustrations lively and colorful
"
"this cookbook has become one of my favorites. i grew up in se texas, and once i moved away, no mexican food could compare. now i have the understanding on what differeintiates tex-mex and mexican food. the recipes are exact and delicious. i love the pictures, the stories and most of all the inspiration to cook my favorite meals! its definately a book for any tex mex lover, i highly reccomend it. just try and sit and read it and not have your mouth water
"
"we have used this book as a text for discrete math courses in our undergraduate computing engineering and systems program (university of los andes, colombia). there are a lot of advantages using this approach instead of the classical one (e.g., people really learn to prove and learn to write correct proofs). however, to grasp these ideas you have to be patient and open minded. when other reviewers give 1 star to the book it is clear for me that perhaps they were expecting something magical that did not occur. this presentation of logic and its applications to informatics provides an excellent way to learn and really use the knowledge in the praxis. in chapter 8 you go seamlessly from propositional to higher order logic. sums and logical quantifications are, for example, treated in an uniform way. maybe the type concept is not so fine explained, but one has to remember that this is an introductory book. 5 stars, of course
"
"this is a very thorough, very exhaustive look at the life of the sixth president of the united states, and while it may not be as easily readable as, say, david mccullough's andquot;trumanandquot;, it is certainly less dry and slow-going than most scholarly works. if you're looking for a full-life biography of monroe, one that truly informs you on the subject and does not simply dramatize the story of a historical figure's life, this is an excellent choice. if you're looking for light reading with a historical basis, this is definitely not what you're looking for
"
"this unforgettable story illustrates the crazy, life-changing adventure of a seventeen-year-old boy who struggles to let go of his fading childhood and accept the phoniness of the adult world. holden caulfield's loneliness and lack of motivation combined with a traumatic childhood cause him to leave behind his youthful days at pencey prep to venture into the dynamic adult world of new york city. holden tries to hide his youthful innocence as he mirrors the habits of other adults, going to bars, drinking, and purchasing prostitutes. however, his bickering and sarcastic attitude suggest a hidden desire to stay young, a desire he stubbornly buries beneath his new, mature lifestyle. holden, like many others, longs to live in a place that is simple and motionless, a place where one needn't worry about the past or the future. holden also hopes to preserve the innocence in others, such as his sister, so they don't turn out like him, depressed and regretful. through salinger's vibrant attitude towards holden's experience in new york, we readers learn to stop running from our past to prevent losing our youth altogether. the catcher in the rye has survived generations as one of the world's best bildungsromans, not because it illustrates the fading youth and growing maturity of a memorable character, but because it demonstrates the confusion of a character as he fights desperately to protect what remains of his childhood
"
"if you're intimidated by tolstoy or dostoevsky's long masterpieces, consider starting instead with turgenev's ""fathers and sons."" this book is of course a masterpiece of russian literature. it's characters and themes are timeless and absolutely relatable to our modern culture. this is a story of family relationships, romance, and philosophy. highly recommended. p.s. when you're done here, try ""war and peace"" or at least ""crime and punishment.
"
"the novels in this series are not the escapist fantasies that many associate with the arthurian legends. they are, in fact, historical fiction at its best. whyte has gone to great lengths to not only ensure historical accuracy, but to weave the stories into historic events. the first six novels in the series (that is all i have read, though it appears that there are two or three more) give a wonderfully plausible explaination for the genesis of the arthurian legend. but the beauty of the books is in whyte's prose. a scottish poet, he uses the language beautifully and creates characters so vivid and multidimensional that we forget the 1600 between their time and ours. these books will not insult your intelligence, and they prove that one does not need to suspend the laws of physics or distort the facts of history to find magic in the arthurian legend.
"
"as someone who lived not far from brownsville in the 1950s and early '60s, i can say this is an exceptionally accurate book. it is well-written and is the best attempt i've seen yet at explaining the phenomenon of the changing urban neighborhood. not only does pritchett provide many well-reserached, well-thought-out answers but, just as important, he raises insightful, penetrating questions. i highly recommend this book to anyone interested in american urban history, particularly as it relates to new york city
"
"published in 1986, dr. deming ""out of the crisis"" seems to form the basis for the transformation needed in american management mentality. two main subjects are discussed in the book. the first is the exposure of problems and pitfalls in top management operations, the second, relates suggestions and solutions that can solve and transform the way american management operates. 14 core points are suggested by dr. deming to address problems in management and are supported by many examples using different scientific methods. throughout the book, dr. deming promotes the loss of slogans that are even today being practiced by a share of the american industry, and advocates management that is based on principles such as quality and leadership. at times, the book is not a continuous process that is easy to follow, but overall, dr. deming's concepts are transferred to the reader. dr. deming's ""out of the crisis"" helped me learn new perspectives about how management and employees can help in building or transforming an industry to a successful one.
"
"our family has enjoyed this a lot, since we take a lot of trips in our rv. great way to entertain on the road. we really liked the questions about pop music and movies, also some great questions about the us presidents. very entertaining, clever
"
"based on the description, i expected this to be a davinci code knock-off, but gave it a shot since i recieved a free copy. comparing labyrinth to the davinci code do it injustice; this is definately not an imitator and is worth reading in it's own right. i enjoyed the characters, plot, and switching between the past and present. i'm not sure it has literary value (i wouldn't argue that the davinci code does, either), but it's certainly complex enough to make you think about the plot and character relationships without being difficult to follow
"
"i was very excited to get my hands on this book. i have been ordering this series from amazon.co as they are released as i can get them several months ahead on their american counter parts. i must say that i was disappointed with the beginning of the book. first- hem is not the character that i wanted to read about. second- the start is slow and the plot drags a little. but- all is forgiven after 100 pages. i warmed up to hem. i actually think that the authors writting style has improved each book and this book just feels right. i was done reading way before i wanted to be done. the ending is nothing but action. i put the book down entertained and wanting more. what else can you ask for in a work of fictio
"
"on a recommendation from a friend, heimgest, dcg-or, (who rarely recommends any book), we found this book to be one of the absolute best on the subject of our gods andamp; goddesses. a must read, it ranks well with both rydberg's and grimm's teutonic mythology
"
