"yes, the cable fits, but the cd driver is just for the 8300. i was not able to get it working
"
"i enjoyed using this phone for some time. it was functional, it felt solid, and it had a nice low profile look. however, after around a year and a half, the continued act of opening and closing the phone has caused the hinge to crack, and to gradually break off completely. i now have to hold the phone together with my hand while i talk, which is extremely awkward. this is especially frustrating given the rest of the phone is so well made. furthermore, it seems to have unfortunately failed just before my ""upgrade"" opportunity (in a couple of months), and right after my purchase of some extra accessories (batteries/chargers). search around online for ""a670 hinge"" and you will find a lot of other people with problems like mine. this in itself wouldn't be a problem if samsung would willingly replace the phone. however, they are not claiming it as a design defect, and neither samsung nor verizon are offering to replace it. bad form for both, although perhaps verizon isn't as much to blame. i would avoid both samsung and this phone because of this incident. this phone is seemingly designed to be durable, but it frankly is not meant for the long haul, and is too pricey given its average performance.
"
"these are not the same that come on the earbud, and are not easy to use, or to hear from. i sent mine back
"
"this case is made for an l6. the l2 uses the same case, so they both fit within this rubber case. however, the keys are laid out differently on the l6 - so this case has the grooves slightly off on the keys. i didn't give it a low rating, because it's well built and is actually a really great product - just wanted to give other l2 owners a warning. it works well, but it's just a little funky on an l2, but totally usable. for the price, you just can't beat it - and it's a much better option than watching your phone pop into 2 or 3 pieces each time it falls out of your pocket
"
"the compatibility with nokia phones should not have to be listed because very clearly in bold letters-within the title-it says andquot;universal 2.5mm jackandquot; universal meaning all 2.5mm jacks. not all cell phones. know your phone and your aquisition before giving a bad review. great product
"
"this product needs a better custom fit. it slides around too much it needs a smaller fit it is too big
"
"i like this for more than one reason...so read on, reason #1 - it keeps on charging your cell phone when you are transferring data, trust me this helps, when you are transferring 1 gb of data you will loose reasonable amount of battery charge on your cell phone. reason #2 - only data that can be played by your cell phone gets transferred, so this way you will know before hand that all the data you transferred will actually play when you are in the back seat of your car. you will have to use windows media player to sync this phone (samsung sync sgh-a707) in order to transfer files. mp3 and wmv/wma formats work with this phone, i do not know whether other formats work or not. let me explain in brief how to sync this phone with windows media player. connect one end of the cable to your phone first and the usb end to your computer usb port (preferably usb 2.0). if you have already inserted media card into the phone you will see two drives named samsung phone and samsung media card when you open my computer on your computer. now open windows media player, you will be able to see the following tabs just below main menu. from left to right you will be able to see in this order - now playing, library, rip, burn, sync, and guide. click on sync. make sure your cell phone is connected, now you will see two halves in the same window, left half is for you to drag and drop your file that needs to be transferred and right half is where it goes (your cell phone name apears on the top), usually windows media player prepares to transfer the file, this takes a while. also just above the right window in the drop down box make sure you select samsung media card, as the samsung phone option has very limited memory. once you are well versed with what your phone can play, i would recommed copying files to your microsd using a usb reader/writer as windows media player takes time preparing the windows environment for sucessful transfer, this saves you a chunk of time and battery power.
"
"junk. junk. junk. mine lasted for only three weeks then one day stopped working
"
"i really like this case! it is easy to put on and take off. it does not have that stupid plastic cover over the screen. it does not add a lot of bulk to my phone and i think it makes my phone easier to hold. i would like for more colors. i would really like for something to glow in the dark, so that i could find it easier in the black hole that is my purse.
"
"i was so excited to get my first ""cool"" phone. . .i've always had perfectly serviceable, but boring, cell phones and when i saw the pink razr, i knew i wanted one. i saved my pennies and gave myself an end-of-school-year present. i have only had this phone for a month, but i am horribly disappointed. it has horrible reception (and i know it's not the network because i tested it side by side with other t-mobile phones) and drops more than half of my calls. it also turns itself off all the time - in the middle of conversation, while in your pocket, whenever. i went back to t-mobile and they are sending me a new samsung, but i'm sort of disappointed that my pretty pink phone didn't live up to expectations. :
"
"holds the phone in an attractive, snug, leather case! clips to belt and holds tight. since the phone is horizontal and not vertical, i don't have trouble catching it on things. i've broken the clip on several cases getting in and out of the car. the phone would catch on something and the plastic clip would snap. this case works great and eliminates that problem! the perfect solution
"
"the whole process took only 5 minites on the phone with cingular wireless customer service to port over my number from verizon. the treo 750 was a snap to figure out, setting up my email took only a few minutes. i've owned it for three weeks now and i am still discovering great phone/pda features. i bought a 4gb mini sd card (samsung memory) from ebay for $39.99. combined it can hold 2 or 3 feature length movies plus 200 to 300 songs. i also bought a shure tec3 earbuds for $110. they're about the best sounding earbuds you can get with a 2.5mm jack.
"
"great product - works quickly when charging my moto v555 in the car. highly recommend it
"
"i had ordered this case just for my wife and it fit like a glove. we both have sprints katana and you cannot find a better case at its price. a definate buy
"
"i got the a data transfer cable , the house and car charge cheaper than what i would have paid for the car charger alone. you can't beat this price
"
"as usual, motorola provides simple to use, reliable equipment but this is not all, it's more than free, you get 50 bucks out of this deal.
"
"i bought the item form eforcity. it is unbelievably inexpensive for how well it works. since it let me use my headset for my cell phone
"
"the title says it all: fits great, great price! real leather and fits like a glove
"
"people keep asking me. hey what kind of phone is that? im getting the red one too, and the pink one for my sweetie. hollar at ya boy
"
"the color of the product i received is nothing like the picture! if you want royal blue then this is the case for you
"
"i love my nextel i530. purchased it almost a year ago now. i am in northern ohio and travel many places around the state. no matter where i have gone, and i take my phone everywhere with me, i have yet to find a place where my phone doesn't have nextel service. also, very durable phone. i live on a farm here, and we use the two-way often to communicate. my phone in particular has been dropped several times, once off a grain bin onto concrete 35 feet below, and once also driven over by four wheeler in mud. still works like new. i am extremely happy with nextel's service and phones. i know several other people with different model nextel phones and also can't complain. i would definitely recommend nextel over verizon, alltel, cingular, and sprint. other companies have such cheap phones it seems. it's a shame that sprint and nextel merged - from my experience with sprint, they are terrible with no service anywhere, and their phones suck too
"
"this product was perfect, all i needed to move pictures from my phone to my pc. highly recommended.
"
"i put the multi-clip on my belt and the spring metal bent out of shape. i found another clip from another cellphone which fit but the tiny plastic part which connected the clip to the holster broke also. the case is great but the accessories suck. poorly made with light weight materals. save your money
"
"i bought this battery to replace the original one that came with my cell phone. the ""new"" one holds a charge a shorter time than the old one does! i have to charge it every day, whether i use it or not. i feel ripped off, to tell you the truth
"
"design is great and very comfortable but sound quality is poor - people on the other side of the conversation constantly claim that sound/ mic is not clear or muffled. find an alternate hands free- piece
"
"this headseat is pretty neat when you're on the road or just relaxing between work. it easily switches from media player to handsfree headset when you get a call and also controls the pause/play and answer/hangup features. the comfort of the ear budds could be a little better, but the stereo sound is great
"
"i'm very happy with this case. i was just looking for a simple belt carrier that would protect my treo 700p, but would allow complete access to the treo when i wanted to use it. in other words, i didn't want something that was attached to the treo permanently. this did the trick. it's simple, but looks good. seems to be solidly made as well
"
"the other reviewer couldn't run much power through his splitter, but thought it might be ok for cell phone chargers, etc. i wanted a splitter for my radar detector and my cell phone charger, so i thought great. i can't get any power through mine at all. the little light goes on, but the radar detector doesn't go and the cell phone charger doesn't go. i'll probably take it apart andd see if i can rewire it. it isn't worth shipping back. i really can't recommend buying one of these things from this manufacturer
"
"my v180 is through cingular - i never have a dropped call and reception is excellent. long battery life, very easy menus/wayfinding and small size. no frills like mp3 player or camera however - just a very good phone
"
"my husband uses this phone for work and it has one of the funniest ringtones i've ever heard. i don't know what it's called but it has an upbeat techno rhythm to it. the walkie talkie feature is very useful as everyone in his business network uses it all the time, including him. it's great for a business that has many locations. i only give this product four stars because i haven't tried it myself so i don't know all the features. but i hope the review i've provided helps
"
"i like the way it doesn't take up space in the console when i am not using it and it seems to charge the l6 just fine! no complaints with the devise or the service from amazon
"
"overall i'm happy with the skin. it fits the treo 700 very closely. this was custom formed for every curve, bump, and button on the treo. my one complaint is they advertise it as compatible with the 700w and 700p. i should have paid more attention to the pictures and thought about it. the 700w and p, if you don't know, are almost identical except for the buttons just below the screen. the button layout is the same, but they different icons and purposes. well, the skin has images on the button covers for the 700w, not the 700p. not a huge deal, just a slight annoyance. i'm going to see if there's a way to remove these somehow
"
"there's nothing andquot;universalandquot; about this product. it'll split lightweight stuff like cell phones, but don't trust anything more demanding than that with this splitter. i hooked my laptop up through it and the fuse blew within one second. sadly, i'd bought four of these since shipping cost as much as the item itself, and all four died when i tried them with my laptop. the back of the package says not to use items that use over a total of 10amps, which seemed reasonable, so i got out my ammeter and figured out that my laptop used 6amps at most, so not only is this busted, but they lie on the package. i managed to open up the splitter and put in some more heavy duty wiring and a stronger fuse, and then it worked for a short time until i started smelling plastic melting -- it turns out even one of the springs inside couldn't handle 6amps and heated up enough to disfigure and melt plastic around it. i give this item two stars only because you might want to plug in two cell phones simultaneously. for anything else, beware
"
"i've had this thing for two weeks. coming from the blackberry 8700c, this phone is a big disappointment. work issued this and took away the blackberry and i'm stuck with it. all i can do is whine on the internet, so here it goes. the more i use the thing the less i like it. here's my list, good and bad. * battery life - attrocious. use the extended battery, throw away the standard one. trust me. grade: d. * navigation - cumbersome. the keys are too small, the 5-way nav with buttons get pressed accidentally. workable if you don't have huge hands. grade: b * windows mobile - i hate it. why do applications not quit when you end them? instead they stay memory resident and you have to manually cancel them using the task manager. the menu is pre-loaded with goodies to buy from cingular, how convenient. grade: c+ if you bother to learn the shortcut keys. * java is broken, google email doesn't work. maps does work with the new version, thankfully. grade: c. * no standard headphone jack. hello?? this is suppose to be an mp3 player, right? somebody explain to me why this is ok. grade: f. * phone quality - grade a. yes, they did something right. the phone works great, reception is great, speakerphone is great. bluetooth is great. * outlook and email - this is workable, but difficult. you can write an email, you can edit your schedule and tasks, but it's not easy. if blackberry gets and ""a"" (and it does), blackjack gets a c. it doesn't synch notes, so if you're an outlook notes person you're just left out, sorry. why?? * hardware quality - very good, b+. the thing really feels solidly built. the screen is vibrant and attractive. the camera seems to work fine, although i may use it twice per year. in short, if you really want to get work done on your phone get a blackberry. if you want a phone that does a lot of things poorly but looks nice, this could be the one for you.
"
"this was a whole lot cheaper than the verizon dealer wanted for this product. my only disappointment was that it didn't have clear instructions, which was lg's fault
"
