"this cooking set was on sale and even with shipping beat the ""best"" prices locally. i gave it to my son as a gift, and he was thrilled to get it. it included the pots, lids, lifter that were also good quality. very nice set. good quality/good value
"
"this is an excellent little grill for home or the road. the lid lock is a godsend and the side benefit is that due to the construction of the piece, smokey joe is an apt name. the carry handle is awesome. the side vents direct air such that i almost always have beautiful smoke filling my little grill and infusing my meal with fabulous flavor. i've had mine for over a decade and while i've gone through another big weber kettle and now a huge smoker, this little number is still in the race and i have no intentions of giving it up. i'm taking it camping with me next weekend. it's a no-brainer. buy it and be happy
"
"we not only use this for roasts. we cradle chicken, turkey, and pork rolls for cooking also. we have been pleased so far. the nickel-plated steel rack cleans easily too
"
"this was the best price on the internet for this item. it fit perfectly and solved the problem
"
"nice build quailty. works well in sub zero temps. surprised two fold easy assembly and made in china!
"
"after reading tons of reviews on various mosquito trap technologies, i was skeptical that this one was any different. since the price was only around $90 i figured it was the cheapest 'gamble' out there, so i bought it and put it in my backyard, which has been pretty much unusable since june due to the aggressive mosquito population. sure enough, i have emptied hundreds of mosquitos out of the drawer in the 3 weeks i have had it installed. my highest total in a day was 50. my lowest total in a day was 3 when i decided to add an octenol bait to this trap...which acted as a repellant as far as i can tell. this trap definitely works better in the dark when the little blue lights show up better. there are still mosquitos in my backyard, and i still get bit. i think mosquito conditions are so bad that even after catching hundreds of them it hasn't had a significant positive effect yet. one word of advice i would like to give...place this trap away from any area you want to use. i moved it from the yard to my deck for a brief time, and it was a bad idea. all the mosquitos from the yard were on my deck suddenly. yikes! we are nearing the end of mosquito season in atlanta as cool fall temperatures arrive, so it will be hard to judge what effect removing a few hundred mosquitos will have. i am anxious to see how the mosquito catcher works next summer during the height of the mosquito frenzy. anyway, if you've been wanting something to catch mosquitos with, but have been afraid of the prices, this is a product that can have positive results without breaking the bank
"
"we are growing this in arizona and having a fair amount of luck. so far the plants are thriving well. it helped to start them in peat pots. the soil here is clay, so after they had their second leaves we transplanted them into the garden. for our first time they haven't been much trouble yet. easy seeds to grow
"
"this item arrived 1 week early. i took it out the box and it was already assembled. it is so sleek and extremely comfortable. it is a great addition to my patio. the price was reasonable and it had free shipping. you can't beat it!! i want another one
"
"i received the chia herb garden about 3 years ago and not only was it easy to start, but most of the plants are still going strong. i have more chives and parsley than i know what to do with. these are also some of the tastiest herbs that i've ever eaten
"
"very stylish looking chaise,no assembly required, not unlike crate and barrel atrium, but at a fraction of the price, and maybe not as sturdy.. made of fixed but flexible metal slats, like ikea wood slatted base matresses, cushions are needed to use this piece of furniture -i was hopping not always. i bought also a couple of deep seating chairs (read review), the deep seating sofa, 2 ottomans and a couple of side tables
"
"this tiny alarm clock is really cool. you have to read the manual and adjust how big and bright you want the projection on the ceiling. you can also adjust how loud and different patterns you want the alarm sound. it tells the temperature also. i liked it so much i bought my mom one
"
"good price for a good working clock...clock sets itself in about 24 hours...not bad...would have been nice if had acutal barometric pressures instead of the picture of the sun or clouds and trending arrow..
"
"you can put up to 6 shelves inside to fully use all the cubic space available. but you may just need 4 and leave the lower two open for big size items to be stored. rubbermaid has a similar size shed but it can only accept three shelves and waste a lot of spaces. the rubbermaid shed uses much fewer pieces to assembly than this one. the assmbly is pretty easy if you follow the manu but it does take some time (1-2 hours). after i finished the assembly there were some rain and the inside was try except a couple of water drops. the only concern is its sturdiness since it's assembled with 28 pieces and so far so good. i don't expect it can stand a ternado or hurricane. one thing i wan to alert you: when you buy the shelves do measure the inside and ignore the manu since if you buy the side according it yuo will find the shelves will shift too much to the left or right. you want them more stable, right? recommended.
"
"i agree completely with the other reviewer: well packaged, easy to put together, very sturdy. way better quality than those you see at outdoor concept stores. i mainly ordered it b/c i knew it would be the right size to go w/the strathwood chaise lounges i ordered; i am very happy with it.
"
"my only reservation is that i had no choice on the specific type of basil plants i receive. some of the ones in the kit are not ones i am interested in
"
"i ordered this to go along with the teak lounge chair and both of them turned out to be a great deal. only took one day to arizona and so far no color change from the every day sun
"
"exactly the same as the original grates that came with the bbq. arrived fast and packed well.
"
"sorry to see the other poor reviews of this product, because we think this is the best thing since sliced bread! we bought four of these pest repellers and found that they kill all the flies and spiders in the house. we have lots of plants that are breeding grounds for fruit flies; this product disrupts their teeny little lives, and no sooner are some hatched than they disappear. we have to vacuum up the dead house flies and spiders periodically, and we have black and decker to thank! i'm buying more--for the rest of the house and garage and for gifts
"
"you may wonder why it took me 20 years to write this review... well after using this rotisserie for all that time, the motor finally stopped working. so, i got a new motor this week. and i'm ready to go. i have cooked just about anything you can put on a stick. as everyone says, the results are just phenomenal. i've done 16-21 lb turkeys, standing rib roasts, leg 'o lamb, pork roasts, chickens, duck, goose, you name it, i've cooked it. just put the food on, add a few hot brickets every so often, and let her go. one tip, there are two ways to cook with this. if you want even heating, don't take the lid off too often. releasing the heat with the lid off you lose the ""convection"" effect, but that's not all bad. for some meats, like leg of lamb, where you want the outside crisp, keeping the lid off works well if you stoke your fire to keep it hot. finally, weber's customer service is phenomenal
"
"this upgrade is worth every penny. i agree with the reviewer that felt that heating was more even. i would add that they seem to burn the drippings off better and keep the inside of the grill cleaner. there is no doubt in my mind that the addition of this product makes the original design all the better
"
"while we've used coleman folding stoves for years, if you have trunk space, there is no reason on earth to limit yourself to a small stove when you can grill with this wonderful tabletop grill. the small tank makes this practical for camping. if you want real barbecue while tenting under the stars, and you camp where a tailgate or a picnic table is available, this is a great choice for camping equipment. we still like the coleman for boiling water, but i love barbecuing on a propane grill like this
"
"after reading these other reviews, i decided to wait a while to post a review. i bought two of these chairs summer 04 and they are doing great. relatively easy to put together and really sturdy. they are still looking good with no issues with fading or anything. my wife would make me get rid of these if there was any issue or problem with them at all. i hope she doesn't read this
"
"i've had this grill for almost a year now and have had no reliability problems with it. i purchased mine a lowe's. the grill has very good flame/temperature control and the side burner is excellent. i grill on it seven days a week through the summer months and on warm weekends in the fall. the heat is pretty even inside there really isn't any major hot/cold spots. the side burner is nice since it comes with a non stick coated griddle for cooking. i actually used this feature late fall during a power outage to cook eggs and french toast for breakfast. the side burner without the griddle has a cast iron pot holder. the lid on the side burner is large enough you can close it when using smaller pots. very useful on windy or chilly days. overall i am extremely pleased with this grill and i have had no rust or wearing issues with it. the only drawback to the grill's design is the ignitor only works on the far left burner. it lights the 3 burners from left to right. so if your only using 1 burner for a quick meal like hot dogs or hamburgers for 2 people you need to always use the left burner
"
"i purchased this outdoor atomic clock three months ago and hung it out by our backyard pool. it is sheltered a bit by the roof overhang, but it still gets some blowing wind and rain. so far, the clock has kept perfect atomic time. the temperature indicator is a bit small, so we really can't see that feature from the pool deck, but the hands on the clock are easy to read. this clock serves our purpose perfectly. i have read reviews that say outdoor clocks like this aren't really suited for the weather, but i have no complaints, and it's been 90 days of crazy florida weather. we got the clock with free shipping, so the price was right, too. great clock, great deal
"
"the cover is great. the velcro holds the cover in place by wrapping around the handles, preventing the wind from blowing it off. it's nice to leave the fireplace out in the winter, knowing it is protected from the elements.
"
"thermometer works fine, holds up in extremes, temps and conditions. i wish it reached farther, but when within range a nice satellit
"
"eating the chicken that this roaster produced was almost a spiritual experience! i had it for a month or so before i remembered to buy a whole bird and defrost it to use. then i realized i didn't really have any beer on hand or anything, but the chicken had to be cooked, so i used what i had. i'm hear to tell you that putting a little jack daniels in the well (i don't drink it, i only cook with it) along with a little water and some tequila lime vinegar and then sprinkling the bird with cajun seasoning still produced an amazingly moist and flavorful chicken. i was astounded - it took about an hour to cook and the bird was juicy, tender and flavorful with a nice crispy skin. do not walk, run to buy this thing. it's worth every penny and you're not getting weird chemicals from an actual beer can (with it's label etc) in your chicken, and as i just proved, the sky is the limit as to what you put in the resevoir. yum!!
"
"i,m new at this ,metal detecting, i have fun. i just like finding something, you get all excited ,what could it be, money ,jewelry,or what.treasure hunting its kool. the bounty hunter was easy to use simple to put together
"
"my family and i love ""beer can"" chicken but i didn't like the idea of literally putting my food onto a beer can. this weber poultry roaster is so much cleaner and far easier than using a beer can. the chicken remains stable too...no more trying to balance the chicken on a beer can. and it's a great way to switch from using beer to using wine. what a fabulous product
"
"this does what you want it to. accurately tells the temp indoor and outside and refreshes itself about every 30 seconds. what more could you ask for? theres also a blue backlight so you can press any button during the nightime. it also functions as a clock with an alarm but i dont use it.
"
"note: the amazon description does not include dimensions. on the package it recommends that you measure first. it fits smokers that are 30"" (76cm) across (perhaps including handles, not sure) and are 36"" (91cm)vertically. it's a bit big for my standard-sized smoker (about 20"" across), so it is unflattering to its graceful curves, but good enough to be useful. it is cheaply made, but looks like it will be suitable. i will update my report if it falls apart in use (like another reviewer said). it is quite possible that a garbage bag would be enough to protect your grill. the main advantage here is that it fits a bit better, and has elastic to close the bottom a bit. it probably looks a bit better, if you care
"
"item was just as described. ordered on 12-24-06, received item on 12-28-06. shipping and product awesome.
"
"i am no pro at grilling, but this grill makes it all so easy! it was easy to put together, easy to use, and easy to clean up. everything i toss on it turns about perfectly grilled and absolutely yummy! there are cheaper charcoal grills out there, but if you're a petite woman, like me, who doesn't grill for a living, it is well worth the extra money for the little conveniences of this grill. i got the 18 1/2 inch grill, and it has plenty of room for preparing dinner for 4-6 adults. since putting my grill together, i have cooked out every weekend
"
"i have ordered 4 of these pizza cookers. i love em. takes half the time as the oven and your house stays cooler. the dough, i get at trader joes, pizzas are golden brown. they make great gifts
"
"well, look no further. my apartment complex doesn't allow any type of charcol or gas grills but electric is allowed. i was going crazy trying to find one that would fit my george forman kettle grill - i didn't want to lug it in and out all summer. so, i took a gamble and ordered this grill cover and it fits perfectly! i can now leave my george forman kettle grill on my deck and not have to worry about the elements
"
