"i've never been a fan of propane stoves. they always seemed flimsy, made for those toy-sized backpacking pots and pans and potentially dangerous - until now. after two weeks of rv-ing, the fold 'n go has become a welcome addition to our set up. it is very sturdy and seems extremely well made. the wide separation of the two burners and heavy-duty pot supports allow for two large, heavy fry pans and/or stock pots at one time. few stoves of any kind can handle simultaneous large pots. and it seems very stable when set on a table. and because it folds in half and becomes its own carry-case, even though it handles such large tasks, it's easy to carry and takes up very little storage space. it also has an instant start feature - you just turn the nob and then press a button and that's it. you're ready to cook. and after you're done, clean up is a snap. unlike other stoves where you have to take them all apart to try and get at that nasty, spattered grease, this one is pretty much all sealed - just take the pot supports off, wipe off underneath, flip the pot supports over to store inside and then fold 'n go! it's great to get cooking moved outside the rv - especially for things like frying bacon or cooking anything that gives off a lot of steam. and because our meals seem to entail usually one or the other, we plan on getting an extension hose off our main propane tank to run this frequently in the future.
"
"i recall first hearing about bag balm at an adult scout leader training retreat. one of the participants started talking about bag balm and how he used it for everything from burns to lip balm. needless to say, i was intrigued and, upon returning from the retreat, did a little more investigating. when i asked my wife whether she had ever heard of the stuff she immediately said that she had and that one of my toddler nephews was then using bag balm under a doctor's direction for pesky diaper rash. i then began to question some of my horse riding buddies. they too had heard of it and used it with very positive results. i immediately went out and bought a big tin for my medicine cabinet and a couple of small more portable tins to keep around my office and car and use as lip balm. i couldn't be more pleased. i have used bag balm as an excellent lip balm and have used it on minor cuts and abrasions as well. rubbed directly into the skin. under band-aids. you name it. the stuff, as originally touted by my scouting friend, seems also to have antibacterial properties. now, i am not a doctor and i don't play one on tv so please don't take that as some sort of prescription. putting it in a nutshell, bag balm is incredible stuff and it works. i highly recommend it! the horsema
"
"i recently returned from almost 3 weeks of treking around italy. i'm not a runner (or a walker, or even mildly aerobic) and i have baby-tender feet, so i was very concerned about blistering. on the advice of some runner-friends, i bought bodyglide and coated my feet with it every day before i put on my socks and shoes. my feet were tired and achy every night, but no blisters!! this is an amazing testament to the power of bodyglide because sometimes i can have blisters wearing normal shoes during a normal, low activity work-day, and i was walking for hours at a time over bricks, cobblestones, you-name-it. if you are going to be traveling where you will be walking more than usual or on a differnt terrain then you are used to, buy a big, ol stick of bodyglide and coat your feet every day
"
"i used to have a similar product, this one works the same except for one little handy detail: it doesn't stand on itself like the old one i had
"
"i had concerns when i ordered this machine. like the fact that i am so short. i didn't know if it would be designed for taller people. it worked fine for my height as well as my husbands height. (i am 5') i also had concerns because i have arthritis but i was able to do this without causing flare ups all the time and i am able to set goals and get a decent workout. i am able to adjust the machine to more difficult tensions so this is something that will last a very long time for me. the only drawback that i have found with this machine is that it hurts the toes a bit. mine are starting to get use to it a bit. this machine is worth the money. i would highly recommend it to anyone especially those suffering with bone disease such as i am. it is a wonderful way to get healthier without compromising on pain
"
"i'm serious about acqua aerobics and the upper body workout i can get by using these high-resistance water gloves. the unique velcro closure is a great improvement over other types which were a struggle to get on and off. wish they had a ""medium"" choice of size. they only make a s and a l. these gloves were a great find and the price was right
"
"i bought the swim goggle for my wife as a gift and she loves the product. it is a lot better than the swim goggle you would buy at a store. i recommend this product for those who swim as part of their exercise routine
"
"the clear instructions make this piece of exercise equipment easy to put together. it's also very sturdy and offers a wide range of exercises
"
"i have had many backpacks for school and am always left wanting more space. i like to have different places to put different materials. this gives me the opportunity to do so. i like the fact that i can put my ipod in a section that is not likely to recieve the weight of the many books i use. i would say that the area where you hold the smaller items, such as pens and calculators, is nice. you have dividers where you can hold many different things. overall, this is the best pack for school i have come across
"
"i bought this for my brother as a christmas gift. he is an avid ballplayer, and he loves it. he says the surface feels a little different than other synthetic balls but it plays really well
"
"i have to say that i love this mat. the combo jute and rubber make it nearly impossible to slip. only thing is... the jute and rubber are rubbing up against one another and kind of crumbling and flaking off where i often place my feet causing bald spots on my mat. haha. weird, huh? so now you know. other than that the mat is visually very pleasing
"
"i purchased a coleman exponent f1 ultralight stove this past spring in preparation for a trip to the cascades in oregon. i have owned a liquid fuel stove for years (msr whisperlite purchased in approx 1992), and have loved it, but as i am getting older, i have been wanting to trim my pack weight down. i have found the following advantages to the f1 ultralight. #1. easy to use. simply unscrew the burner head, open the pan supports, screw the burner head back down, screw stove onto canister, light match, twist valve, and you are cooking with gas. #2. no priming. the liquid fuel stoves required priming, and pumping, which made them harder to use than i would have expected. with this stove, you simply turn the valve and light. no waiting for the generator to heat up. #3. very light weight. the stove assembly itself weighs less than just the small fuel bottle for my liquid fuel stove alone. this thing is a feather on the back. the disadvantages are there as well. #1. canister stoves rely on the low boiling point of the fuel to force fuel vapor up and out of the canister, and at temps close to, or below the boiling point, which is close to 0 fahrenheit, the stove simply will not work. for me, where and when i camp, this is not an issue. #2. fuel cannot be used as an emergency fire starter. #3. fuel is expensive compared to white gas, or unleaded gasoline. the owners manual claims this stove only works with coleman brand canisters, but i have found that any threaded canister of 70/30 butane / propane blend works. i have used brunton, coleman, msr, and some odd black canister i bought at a gas station in oregon with it, all with excellent results.. compared with other canister stoves such as the msr pocket rocket, brunton optimus crux, snow peak giga power stove, or primus yellowstone techno trail, the coleman exponent f1 ultralight had the design that made the most sense to me, sported the lowest weight (.4oz lower than its nearest competitor), and from what i was able to determine in impromptu in store testing, appeared to have the best pot stability of the group, with pot supports that spread out nice and wide. one tidbit about this however is... the evernew 1.3l titanium cookpot, is oddly shaped on the bottom, and sits and a slightly odd angle on the f1. i have tried many other pots and this is the only one i have a problem with. the issue is whith the oddly dimpled bottom of the evernew pot, and not with the coleman stove... summary. if you camp where the temps aren't freezing, low weight, ease of use are important, and cost of fuel is unimportant, then this is the stove for you. however you must carry some other sort of emergency fire starter in lieu of having stove gas to start wet wood. if however the cost of fuel is going to be a factor for you, or you are going to go mountain climbing, or whatever, you will want to bypass any canister stove at all, and just go with a gasoline model instead. the coleman f1 ultralight is the lightest of the group of stoves i had considered, had the best design, and came in at a price point that i liked. for the majority of backpackers out there, i would say this would be the best stove for you.
"
"treated myself to a yogitoes mat and i love it! it's very absorbent (great for hot yoga) and very non-skid. it allows me to focus on my practice rather than the distractions of slipping feet or hands. wonderful tool
"
"we didn't know what to expect for the good price. but what a surprise this thing is built very sturdy. extremely easy to set up, maybe took 2 minutes. it is very very quiet. extremely happy with purchase.
"
"i bought this swim cap for my wife for christmas and she loves it
"
"i bought a flybar 800 a few months ago and its the coolest thing ever. you can jump super high on it, and the people that work for flybar are awesome. i emailed them when my ruuber tip broke, and they responded a few hours later and sent me a new one for free.
"
"i am very pleased with this product. it is good quality, easy to use, and well worth the money
"
"i used mine for two weeks snorkeling in hawaii. it isn't perfect. it does take on a little bit of water sometimes when you go below the surface, but it isn't enough to cause any problems. it is pretty easy to clear by just giving a hard quick blow. you probably won't find anything better
"
"can't really go wrong here. a metal post, some rubber grips, and a couple of wheels. it works great, and was the cheapest i found. just a tip, if you've never used it before, don't try to be a tough guy and do a rep from your feet. you may be tough, but you might also hurt your back. start on your knees until you know for sure you're a tough guy
"
"this gaget does actually work if used correctly. the last guy doesnt have any idea of what he is talkinga about. simple theory, sweat more in the target area loss fat in the same area. wear this when you work-out but all day along with a good diet and it will work. several of my client have had excellent results
"
"the item was delivered quickly. as advertised have not hadany problems at all the stiching was fine. i would purchase again from this supplier
"
"i bought this for my brother, he loved it! i was worried that it is a little big, but apparently fisherman have a lot of stuff :-)he said it was just right
"
"i had a similar experience as did others with the packaging of this product. the box was literally falling apart when it arrived. luckily no parts were damaged. on the plus side, the package arrived very quickly. the bench has lots features for the price. it was not difficult to assemble. it folds up very nicely as advertised. it is sturdy and easy to adjust. this is a very good value
"
"backpack just what i expected, and i got it really quickly. thanks
"
"i've tried lots of goggles, these are my favorite. i didn't like the sponge goggles because the sponge was leaky and fell apart quickly. and i remember the days when the one-piece goggles were popular but those never fit me very well. these are adjustable: strap and comes with three nose pieces so you can get a custom fit. and it's comfortable like the one-piece goggles and has a no-snag silicone strap.
"
"i am very pleased with knife's . the vender was great. i ordered them and in 3 days i had them . thank you all. ts
"
"i have 6 children. 4 couldn't ride bikes. the scooters teach balance without worry about pedaling. the kids feel safer because they can hop off easier. now, 5 out of 6 of my children are riding bikes and the last probably will be soon. great toy
"
"dear amazon, my new royal blue armour duffle bag is the best travel bag i have ever owned. it is durable beyond anything i have ever had and its design is beautiful with the honey combed stiching and perfectly balanced color design of blue and black. i actually ordered a small royal blue carry-on duffle directly from under armour so the two match and i am utterly pleased. under armour is definitely a keeper!!!!! andrew gonzale
"
"we bought this stroller not only for jogging but also to use at places like disneyland. the swivel wheel makes this stroller the easiest thing to steer and our kids love it. our kids our three and one, both fit in the stroller comfortably. the only draw back to the stroller is it does not have a cup holder for the parents
"
"i bought one of these a while back to use as a day pack for hiking. i find it an absolutely great backpack. it has enough compartments for everything i need to carry as well as a ton of smaller pockets for nick knacks and smaller items. i found i didn't need the waist belt and never used it as it doesn't do much. (it's not like your trying to get weight to your hips with a small pack like this anyways. i ended up cutting it off. it has a nice carry handle at the top built into the harness that makes it real easy to carry this pack or move it around with one hand when not wearing it. the padding on the back is very comfortable, i haven't overloaded this pack yet, but with about 15-20 pounds, it's very easy to wear. it has straps for a skateboard/snowboard, and while i've never used it for those, they make nice straps to lash things on if you wanted to. i also like the cell phone pocket, which i actually do use for a cell phone. i liked that so much that i zip tied my folding knife pocket exactly opposite it. one downfall for me was the 2 side pockets. usually used for water bottles . they are quite small. my nagaline 32 oz bottles won't fit in there, though no problem with smaller sizes. the pack is able to be used as a camel back, though i didn't see a bladder specifically made for it. so in the end, i just bought another one of these for a friends birthday and i'm really impressed with it. i would definatly recomend this pack.
"
"it cost 3 times its price just to ship, i didn't really expect to be amazed, but it is sturdy, if plain. the sheath doesn't really make it a decent wall display, but i think it will out last any cheap show sword
"
"kids love this quarter pipe. however, did not ship in a timely fashion due to amazon delay in ordering and had no directions. luckily a friend had almost the same thing and we pretty much figured it out after a phone call to the company. it did take a while to assemble
"
"this is a great tennis bag with good space. fits 3 racquets easily and several separate areas. i love it
"
"i just love my little parrot! the kids on the bike trail love to hear it too
"
"we use these socks snowmobiling in -20f temperatures and they keep your toes from getting numb when you're are outdoors for a long stretch. note the amt of head from the batteries is very small, but it's enough to keep your toes from numbing out on the trails. the don't get ""hot"", and they are not made to keep your feet warm inside. the amount of heat they produce is not enought to notice in a heated home or office. battery life on high is about 10 hours - maybe 12 hours on low setting. l
"
