"i only use the protective case/skin, not the armband or belt clip. i primarily wanted protection for the screen, which this provides. the screen protector and skin fit perfectly and were easy to apply. i can easily access all ports and manipulate all controls with them applied/installed. i have not used the armband, but it looks pretty sturdy. i paid $18.90 for this item including $5.95 shipping
"
"very comfortable and feel. no one makes it like under armour
"
"i am very pleased with these shoes. they are very comfortable and look great as well.
"
"finding sleepwear that has enough support for lactating, large-breasted women is no fun, but this dress is pretty good. what this will not give you is any kind of coverage. if you're ok with people seeing you with major cleavage, then this is fine. if not, just wear it to bed--not in the hospital or, as i see some women do--out of the house. yikes! i think i'd be arrested
"
"i love these shoes, they are totally cute. the only draw back is they are kinda like satin over paper. they aren't as soft as i thought they would be, but i great buy none the less.
"
"now this military style combat boot is one of a kind! it takes a while to break it in but after, you will enjoy it! it looks so cool just looking at it, never mind wearing it! its leather is tops! and it will last a life time! not water proof, but great for jungle trekking! shines easy
"
"so far i have been very satisfied with this bag. for the price i really can't complain. it has enough different sections, places for pens, a divider, pouches in front and other nice touches that makes it a pleasure to use. i'm curious about the durability; how the leather will hold up and if the zippers will last. i use it to hold 2 1"" notebooks, a textbook, a portfolio, a book, a calculator and my pda. this is about maximum capacity. i should note that the notebooks and portfolio just do fit inside the sections. the handle ontop is cozy, the over the shoulder strap should be wider. overall, i am happy with the purchase, and hope that it lasts
"
"i have been trying to find low heeled sandals with a back strap and no thing between the toes so i was very excited to find these. i bought 4 pairs (silver, bronze, black, and turquoise). they are beautiful and comfortable (i walked around at disneyland in the turquoise ones from 9am to midnight!) the sizing was very true and the standard shipping was very fast. i highly recommend both these sandals and amazon.com
"
"this is a fine leather bag, beautiful, comfortable! i bought on the mfr website and saved the shipping. its a wonderful product of quality and craftsmanship! a must have
"
"these are exactly what i was looking for. i've been wearing this type of ear muff for 20 years. everytime i break or lose a pair i spend months looking for its replacement. after i received my first pair, i ordered enough to last me another 20 years. i hate the around your neck ear muffs so popular these days. they are uncomfortable and they cost more
"
"these are so great, and keep my baby's feet warm. she even slept with them on with no problem. she's been a master at getting her socks off up until now. they also protect her feet as she is starting to stand and was breaking toenails. she's chewing on the toes but i haven't seen any scuff marks yet, so they are holding up very well
"
"shirt looks good, its a tighter fit not lose. color is very dark and looks almost black in some angles
"
"bought these several months ago at ross dress for less in oregon for $19.99 i love them i bought them in a off white since that was the only choice. love the comfort of them, think the t-strap stays on my foot much better than the older birk style which is too wide and sloppy on my foot and the t-strap is cushioned so it doesn't hurt my wee toes, i wear a size 8-8 1/2 depending on the brand these say 39.5 don't know if that is correct sizing or not, i would highly recommend betula for very comfy quality made casual sandals, perfect for the beach or casual summer wear. i am a self-professed shoe addict and these are great for those days you want only comfort
"
"i love these shoes! they are so comfy and cute and keds is my favorite brand of shoes
"
"we ordered this case for our son's creative player, and it's a hit. it fits snuggly, he can access all the functions with no problems, and the loup allows him to attach it to a variety of cords and ""leashes"" during different activities. a great value for the money!
"
"this has to be the best beanie that i have ever purchased...i wear it all the time, it fits perfectly and looks awesome!
"
"i love these jeans -- i have 3 pair and they are the only jeans i wear. just enough stretch to be comfy but not too tight. i wear a size 14 and these jeans fit me great.
"
"not all bras are created equal. but what makes it so special? as a fuller figured female, let me explain the merits: 1)support - it does a great job. this bra does not sag over the course of the day. your figure looks just as great in the evening as when you put the bra on in the morning. 2)coverage - this gives the modest more coverage so people don't see what you don't want them to see. for starters, the fabric is thicker than any bra that i have ever owned. and no, this is not a padded bra, the material is just thicker. since the material is thicker, it means that it is truly opaque. not even with the thinnest and whitest t-shirt will you be embarassed. 3)comfort - this bra is quite comfortable, especially considering that it is an underwire. i have not experienced the sensation of underwire digging in nor the straps gouging my shoulders. but on occassion i do feel some pressure from one of the straps (hence the 4 star rating). now there are a few things that may give you pause. 1)price - this bra averages $60-65 in department stores, not a cheap undergarment. 2)size - this bra is larger compared to other bras of the same size. what i mean is that the bra has a defined shape... it does not lie flat as the cups are molded. and there is more fabric that connects the cups together. a good descriptive word is ""substantial"", but don't think bulky. this bra does disappear under t-shirts giving you a beautiful form rather than a body marked by undergarment lines. this is an undergarment that i intend to buy again... and again... and again
"
"i have received countless compliments on these rain boots. i love them, and i guarantee you will too! they are comfortable, stylish, and keep your feet dry in snow and rain. what a great purchase
"
"a great bargain! saved 50% over buying separately. good quality. very satified
"
"this is not a basket short or soccer short, no!!!! it's a very very nice beach short or just to sunnys day specialy in my country... with hot beaches all year, and beatyfull shopping mall near you can use this shorts for both activities.. that's why i bought it and don't mess the shoppin
"
"great product--just what i was looking for. service was excellent and shipping was prompt. thank you, thank you, thank you
"
"i was looking for the lightest, slimmest possible wallet, and the dopp getaway is just about perfect. for the first couple of weeks i kept sticking my hand in my pocket to make sure it was still there - it's that unobtrusive. it's made out of soft, thin leather (so thin, actually, that the embossed lettering on my credit cards shows through the surface). that might affect the durability, but it certainly keeps the overall bulk of the wallet down. the illustration shows a large embossed crest, but mine arrived with only discreet lettering saying ""dopp"" at the bottom - a significant improvement, in my mind. the wallet has pockets for 3 credit cards and a little pouch, open on the top and one side, to hold your cash. there's also one additional pocket that's ideal for other documents you just have to carry. the only slight negative for me was the caramel-colored vinyl lining of the cash pocket. i don't know why they used such a low-class material there. it's invisible from the outside, and not really offensive, but if i could change one thing, that would be it. i debated knocking off a star for it, but the overall function and appearance of the wallet is so excellent that i thought it deserved the full five stars. overall, if you're disciplined about what you carry, you'll love the small size and low bulk of this wallet.
"
"the skin fits well and the belt clip works well. it seems a bit bulkier than my friend's zen skin and belt clip...but she paid about $10 more than i did! i would definitely recommend this product. i have yet to use the armband so i can't review that right now. my only issue is the screen protector fits into the window of the skin, not zen screen. so the screen protector is smaller than the zen screen. the window of the skin covers a couple millimeters of the top of the screen, but that part only tells the time anyway
"
"i wouldn't say they're my favorite pair, but i definitely like them. soft, comfortable, sexy
"
"i have started water walking in the fitness center pool and found i was slipping enough to bother me. this shoe fits like a glove and is very inexpensive to use. i would recommend it to anyone desiring to use it for this purpose or any other water related activity. i am certain it would be great at the beach, etc
"
"recently, i took a motorcycle trip from atlanta, ga to ft. lauderdale, fl. unfortunately, i didn't have the option of riding at night when it was cooler and with my thermometer on the bike showing between 100 and 110, it felt like riding through an oven with a hair dryer set on high blowing in my face. i also didn't have the luxury of air conditioning so to simulate this so i would pour water on my t-shirt and let the wind cool it down. after getting home, i recalled seeing a demonstration of a cooling vest that you soaked in water for a couple of minutes then wore under a jacket, preferrably mesh. i was amazed at how well it worked in the demo so i went online and ordered one. the particular model i ordered from amazon is the deluxe evaporative cooling vest in black. it came about a week after i ordered it via usps priority mail. they offer several styles and colors, including some that have removable sleeves the outer shell is quilted black nylon with 2 outside, zippered pockets and a zipper up the front. the neck has a velcro closure so it can fit snuggly around your neck if you want. the inner liner is blue and is 100% nylon taslan, a water repellant fabric, so it keeps you from getting all wet wearing it. out of the package, it weighs just a few ounces but when you put it in water, the special material, called polymer embedded fabric (pef), between the inner and outer shells absorbs water and the vest ends up weighing about 2-3 lbs. you only need to soak it for about a minute. there are spandex panels on either side that allow for some for expansion. i got the large size and it fits great, not too tight, not too loose. once the water is absorbed, the instructions (on the tag in the vest) say you can wring it out or use a towel to blot the inner liner dry. not being like a sponge, wringing it doesn't do a lot of good so i'd suggest blotting if you need to. while the inner liner is water repellant, there might be some water on it right after you soak it so putting it on might get you a little wet but if you don't soak it too long, the inner liner will be relatively dry. the material that holds the water doesn't expand like a sponge, it just holds lots of water...it's pretty interesting stuff. the first thing you'll notice after a few seconds is that it's cool to the touch. the principle of it relies on the cooling properties of water as it evaporates and it really works. i haven't had a chance to ride with it in sweltering heat yet, but putting it on under my mesh jacket and riding without a windshield kept me nice and cool. i don't think i'd like to try it in anything less than about 65 deg (f) because i'd probably freeze nor would i want to use it under a leather jacket unless there was some way for the jacket to let wind flow through it. the inner liner stays pretty dry but you might get a little damp. the cooling effect will last several hours depending on how long you soak it and if you want to put things in the front pockets, they are lined with the same material as the inner liner so they'll stay relatively dry. one thing i've found though, it'll take several days to completely dry out unless you ride with it. the water is very slow to evaporate but once it does, the weight goes back down to a few ounces. bottom line, i highly recommend getting one of these if you routinely ride in hot weather. they're an inexpensive way to keep cool and they're stylish (except for the hi-vis lime green). wear it under a mesh jacket and you won't know it's hot outside.
"
"this bra is the best nursing bra i have found. it is very supportive and comfortable. i like that it gives you the same support as an underwire bra but without the hard wire digging into you. it holds up very well in the wash. i would definitly recommend this bra to anyone that has a hard time finding bras to fit them.
"
"these were purchased for a wedding. the quality is very good. we would like to see solid black offered and argyle in black,pink, grey, and white. thank you, joy ree
"
"not only are these shoes great looking on...they are extremely comfortable. i went back and bought two addtional pairs in different colors
"
"the beading on the bag is fantastic, and its very cute. the color is even more exquisite in person. it's just big enough to hold id, a little money, and a lipstick, perfect for going out at night
"
"now, i'm a pretty picky guy when it comes to certain things in life and one of those items just happens to be backpacks. i spent about two months searching for a new one until i finally came across this particular model. i'll start with by saying that i love this damn thing. it has plenty of space, a whole bunch of extra cords that i suppose a hiker would use but i think just look nice, and its very durable (which is a must for me since everything i own will take a beating). i'm telling you straight from the horse's mouth, this backpack is worth the money. now if it only came as an 18 slot..
"
"this is a really soft, and very comfortable pillow. it is priced great, a lot cheaper than similar microbead travel pillows. i am very satisfied
"
"i am not a runner; thus, i use the shoes for typical tasks such as shopping, errands, hanging out, etc. i have owned many shoes over the years, and these are probably 1 of the 2 most comfortable shoes i have ever owned. i am hooked on the new balance line of running shoes.
"
"this is a very nice leather bag. it has two pockets in the front that the flap goes over. the pockets do not close and i have found that you can lose things out of those pockets even with the flap closed. that is the only problem i can see with this bag
"
