"totally agree with the other reviewers' comments. originally, i was going to buy canon's adapter for my powershot a640 not realizing it was plastic!! plus, even with shipping, this is still cheaper (by 5 bucks) and its metal! fyi--if you don't have any filters (like i didn't) get tiffens 3 filter set 52mm (circular polarizer, uv protector, and 812-warming len) a good buy for the price--i bought it because of the reviewers' comments and don't regret it
"
"this bluetooth remote device works as advertized with my apple notebook. be sure to insert the bluetooth card all the way into the printer slot before you begin. i thought mine was in far enough at first, but it really wasn't. one caveat: i was hoping that the bluetooth signal would be strong enough to enable printing from the next room, but it's not. also new users should know that they can set up their computer to handle both bluetooth and cable at the same time
"
"this router has worked great for the past year. we have 3 linux computers connected to dsl through it. one pc is at the far end of the house. we use two novatech powerline ethernet adapters to connect that pc to the netgear router through our home powerline wiring. netgear and novatech work fine together, with no dsl speed degredation. the browser interface is easy to use. the firewall features are easy enough for the inexpert user to understand. the manual is good, but i would prefer to have a hard copy
"
"i bought this because it had got good reviews on here and the price was low enough for it not to pain me! so far it does what it's suppose to do. i am pleased. it's a little clunky, and it looks awful when the anteni are fully extended. we'll see how it works in 6 months
"
"i received this printer a few days ago and i am very impressed. 4 x 6 photos look awesome as if i had walmart print them and the speed is very fast. i hook it up to my airport extreme base station (i use a powerbook) and print wirelessly and had no problems at all. scanner is a tad bit noisy but a lot quieter than my old hp all in one printer that just kicked the bucket. the software is easy to use and understand. i never read the directions and i was scanning in pictures with in minutes. i also like the lcd display on the printer. its nice to just ""pop"" in a memory card, and view the photos you want to print. it saves time when you don't have to download them to the computer then print them. overall i am vey pleased and i did my search on this printer and all of the reviews were very good. i was torn between canon (i actually bought a canon pixma and returned it) and hp and i am glad i stuck with hp, always a trusted brand. and the price was about $40.00 dollars cheaper than any electronics store around. pros: excellent picture qualty fast printing easy setup a lot of features easy to use and understand functions cons: scanner a litte noisy (quieter than my old hp) when printing the printer shakes my table (old hp did the same) i guess it is a little on the large side, but it doesn't bother m
"
"this product has worked great with my 2wire gateway modem from atandt yahoo. the real plus has been the usb connection so its not necessary to take off the desktop's back panel. the connection has been good, and i set it up in minutes. i tend to think that people who are having connection problems have a problem with their router, and not this device. i can see 50%+ networks from all over my neighborhood
"
"i bought the keyboard for my 5-year-old son. the keyboard is light weight and therefore easy to carry. small and convenient for my son to play anywhere. i am using batteries and really enjoy the freedom of movement, i.e. not needing to worry about plugging it into a power source. it's an excellent choice for my situation
"
"i bought this mouse about three months ago, and i love it. it works on every surface, and the scroller works well too. the only complaint i have is that the cord is rather short (about 2.5 feet long), and it plugs into the left-hand side of my laptop, which means that i only have about a foot to work with. although, i think that complaint can be shared equally with the dell people for putting the usb port on the left (good deal for the left-handed population, i guess). some people have complained about the wind-up function for the cord getting tangled, but i haven't had any problems with that
"
"i've been looking for a pair of headphones like this for years. i've used these for 8 months now and wear them almost everyday. i ride a motorcycle everyday and i never leave without these. first, the comfort is exceptional. even with my helmet on, i never get uncomfortable with these in my ears. i've ridden 400 miles at a time without any problems. even when i need a break from the music, i leave these in because they do such a great job of blocking wind and bike noise. i've used several other brands of canal earphones and none have been comfortable - tolerable at best, but most are painful with a helmet on. the ""bulb"" you see in the picture rests in the crook of your ear, so there is nothing extending past your ear to get crammed in deep. second, the sound quality is fantastic. great bass, mids, and highs. i've heard things in my music i never knew was there and i can't wait to listen more. i can't recommend these enough. i've bought a pair for my brother and may have to buy a pair for my wife because she keeps taking mine
"
"i've had this device for two years. just today i sent it through the wash cycle of my laundry (not on purpose). the thing still works!! i will not, however, try sending it into the dryer though beause i'm pretty sure that would fry this thing
"
"i had great hope for this product. it has, mostly, so far, lived up to my expectations. here are some caveats... i was hoping for the ability to set up music catagories...easy listening, dinner music, light jazz...etc. you have to ""cheat"" to do this, and using the manual is daunting. instead of using the ""artist"" as artist, i used it as a catagory code, ie making one artist light jazz, etc. this works, but you do, of course lose the artist registration ability. so now, i can select ""artist"" ""dinner music"" and then ""all discs"" and ""shuffle"", and the unit will play a track from one ""dinner music"" cd then shuffle to another track on another ""dinner music"" cd, etc, making a delightful, mix of music that never is repeated exactly the same way. i am still in the loading phase of coexistance with this machine, so longetivty, and flawlessness are not being reviewed here. that remains to be seen. the manual is purely awfull. just dig in and try things. that's the only way to get a handle on things. hope this helps....good luck!
"
"the product works great. what i didn't like was not having the attachment to charge the battery in my home. it only came with the cigarette lighter power source. i had to purchase the other power source seperately. i also had purchased the 3000 model previously and it came with both power sources. why is that
"
"very satisfied with sound quality and ease of use. before purchasing, i did believe that these were noise canceling. however, that is not the case. the foam inserts do reduce background noise enough that i am very satisfied with the result. replacement foam inserts must be purchased online
"
"i made the mistake to buy the kensington laser pointer before this one. the kensington is a good one, very well made, but it is slightly more expensive and lacks the mouse control. i to not know any cheaper model with mouse function. i can maybe prefer a bit the ergonomy of the kensington, together with the very practical possibility to store the usb receiver inside the unit, but this is probably just my taste and the hiro is quite comfortable either and lighter. my kensington has the embarrassing feature that the laser pointer is interpreted as return on some applications (exporer on windows and opera on mac os, for instance). i do not know it that is a bug or if there is some reason for that. however the hiro does not have this behaviour and that is another reason for which i prefer it. the wheel system of the hiro presenter is very practical. compared with my kensington i found no difference in the quality of the laser: both do their job perfectly. the mouse control is simple and practlical and it will take a very short time to be confident with it. my unit worked perfectly wothout extra software on both mac an pc. overall i am extremely satisfied. on the minus side, the labels on the button on the side are printed with very poor colours. the ""fn"" label diapperared immediately after a few days of usage. a bit disappointing, but, after all, nothing really important. the unit also lacks programmable buttons, but i do not know any presenter with this feature. bottomline. this presenter works well, it is not expensive, and the mouse control is a true must
"
"this is a direct comparision between the linksys wusbf54g and trendnet 509ub. both perform as expected when used as a standalone hot spot detector. both perform as expected on windows xp. installation was quirky for both. after driver installation, inserting into usb slot it wasn't recognized at all. fiddled around for awhile and it finally detected the device. had to disable the notebook's builtin wireless before xp recognized the device. client software does not detect a device under windows vista ultimate rc2. i assume this will be true for windows vista rtm too. inserting the device into a windows vista rc2 system often completely froze windows vista (had to hold down power button for complete reboot). had to disable the notebook's builtin wireless before vista recognized the device. appears that the trendnet and linksys devices are so similar that they must be made by the same oem or reference design. as expected, evaluation results are similar. 1. both devices seem to have same sensitivity, similar to notebook's internal wireless card. 2. trendnet device doesn't have windows xp signed drivers so an extra click during install is requried. also installing on new usb ports requires extra clicks. 3. trendnet device supports 801.11a whereas linksys does not. 4. trendnet device sometimes crashes vista ultimate rc2. 5. neither device's software client works under vista ultimate rc2. this isn't a deal breaker for me as they both work under vista ultimate rc2 networking as a usb wireless key. you just lose the client software feature. 6. the linksys has a somewhat useful backlit lcd, trendnet does not. 7. both devices work as standalone hotspot locators equal well. 8. in hotspot mode, both devices show ssid, channel number, encryption mode, etc. conclusion: for xp, i recommend the trendnet so save the extra dollars. for vista, i recommend the linksys device as it never crashed vista ultimate rc2 whereas trendnet device was gave occasional freezes
"
"when i first got a wireless network at home i purchased a kensington wifi finder. it worked fine. but as time went on i saw these smaller versions come out from chrysalis development. i heard they were more powerful and more versatile. so i bought one. i was not disappointed. since it was about the same size as my keyless entry remote for my car, it fit perfectly on my keychain. also it has a much longer range than the others. but best of all, it is directional. meaning i can simply turn my body while holding down the button and the leds change instantly as the signal strength increases or decreases. what a great product. i love it!
"
"just remember to use the proper cable, cat 5e or cat 6
"
"i can't describe this mp3 with words ""great"" it's more than great. it fits my pocket, and it's music quality is great. my sister and i bought this incredible mp3 with doubts but, it is more than great. if somebody is considering buying an mp3, i strongly recommend to buy this iriver. thank you, thank you, thank you
"
"the creative zen is outstanding. took a little while to get use to the controls but the sound is incredible. i bought one for my wife as well and see loves it. i did spend a little extra money for better earbuds. for the price that i paid -[...] for 8gb you can't go wrong
"
"in comparison to the component cables, the quality is a little better. i don't think i agree with those who say you must have hdmi cables to get a good picture, but i am extremely satisfied with the product and i don't regret purchasing it. amazon's price for this product is unmatched
"
"i recently purchased this item and i am very happy with its performance and quality. i use it daily in the gym it delivers excellent sound and you dont even realize you have it on due to its light weight
"
"i have been looking for a larger cf card for my dell axim x50v. the seagate cf drive does not work. finally, i got this working for this price. i think it's good.
"
"this was exactly what i needed and it is very easy to use. it does a great job of encrypting your data, if that is what you want. there is plenty of space and it is snap to use with my mac powerbook. i recommend it
"
"i purchased this for my teenager to use with her ipod nano. i shopped around for a while before i finally decided on this one because it came with losts of accesories and she uses it everyday all the time and says it works perfectly. i've only had it for a month but it's holding up in the hands to a teen and no complaints so far.
"
"excellent product - very ergonomic, easy to set up and use! wireless works great. i would recommend this product
"
"i like this printer. there a few minor quarks, but it's fast and the prints come out good. the one thing to watch for is making sure the ink tape cartridge stays tight. if it's lose it will start making bad prints. it takes less than minute to pull the cartridge out, tighten it and start printing again. i am also using this with the mac osx os. though the device says it will only work with pc and mentions something about the casio cw utility for use on a mac, but no where on the casio site could i find the mentioned utility. after some searching i cam e accross this: [...] this allows the cw-100 to work fine on a mac. though i have never seen the pc software that comes with printer, i have read that this mac version does not have all of the text formating options. this is enough to get around, since you can make a jpg version of your label, put that in the print area and print away. the jpg can be what ever image/text you want. resolution is great too. i print at 300dpi. all in all, i found this to be a great purchase. i make music and do not have the money to send out to have my cds done. this print has more than paid for itself by allowing me to make professional looking cds and very little cost. great the diyer
"
"i had a 1st generation shuffle and upgraded to a 60gb video which i adore! however, i found that whenever i went running i was stealing my old shuffle back from my daughter. i bought this shuffle for my husband and fell in instant love with it. i really like how portable it is and you can't beat being able to just clip it onto your clothing. no arm straps, no more lanyards. so now i have the 60 gig for my entire library of music and videos and the shuffle for exercise
"
"got this drive a few weeks ago for an apple power mac g4 cube. the g4 cube has no fan so drive noise can be very obvious. thought the original drive was quiet until this drive was installed. this drive puts the original drive to shame with how quiet it is. unbelievable. don't even hear the drive spinning up when the machine comes out of sleep. disc access is barely audible from a distance of 6-8 inches from the cube and is totally non-existent more than 12 inches from the cube. will not hesitate to buy seagate barracuda drives for all future machines. the 5-year warranty is a winner. highly recommend this drive for its silence, speed, cost and warranty
"
"when it comes to ink for my r1800 photo printer, i am concerned with the quality of the images i print. the epson matte black ultrachrome hi-gloss ink cartridge provides superior resistance to water, fading and smudging. it is important to me that my prints are of high quality, so i don't attempt to use the cheaper compatible ink cartridges. the color can be duplicated, but all inks are not created equal. third party options may produce a good print initially, but may not hold up or last as long. pros: provides superior resistance to water, fading and smudging cons: pric
"
"there is just one word to describe this product: amazing. i'm full satisfied with it. just buy it with 1mbytes (mine is 512kbytes). one last thing: the battery lasts forever
"
"the initial flash card that came with my camera was far too short to save pictures. when i went surfing for another flash card with some depth, amazon really came through for me and the price was excellent.
"
"great new product! easy to use and turns my audio ipod into a portable media player. i can even use it to record my favorite tv shows. i highly recommend this product
"
"the sony str-dg600 7.1 has worked as expected and is a high-quality system at a great price
"
"this armband provides good protection to the nano via a skin that the nano slides into and a rigid clear protector that fits over the screen (stays in place by pressure from the skin pressing down on rubberized edges of the protector). it works well for jogging and working out. the neoprene (better than leather for sweaty workouts) armband fits well on my upper arm (6' 200lb) and seems pretty adjustable to other size arms. it is a bit awkward to silde the nano into the skin while keeping the screen protector in place. i first began sliding the nano into the armband mount but found that difficult to keep the screen protector in place so i now just clip it in which seems to work fine. it has tried to come loose from the armband a couple of times but i think this was due to not ensuring the nano was fully seated into the armband. i have only used the armband for about 3 weeks now and i am satisfied at this point, i am only giving 4 stars due to the screen protector being scuffed out of the package and there could have been better documentation included. also on another note, apple should have centered the hold button on the top of the nano because almost all protectors i have seen make it somewhat difficult to access the button and this one is no exception. the button is next to the upper left edge and any decent protector has to almost cover this area to work properly. all in all you will be satisfied with the armband and remember for the price your are getting a skin for everday protection of the nano and a good armband also so it's a solid value.
"
"monster has always had the reputation to being the best in quality for their products... when you think of wires, you cannot help think of monster cable... i used this cable to connect my carputer to my factory head unit... ran up the middle of the car, grouped with a vga cable and multiple usb cables, there is no feedback at all.. i was worried the vga feed may leak into this cable but monster did not let me down.. i highly recommend this product... but as others on here have stated.. little pricey... in the end 'you get what you pay for!
"
