"the product was easy to use and accurate. it is also a great buy
"
"this camcorder is the best i have ever had!i have 5 others all higher and lower priced models for my business, i do video photography as one of my jobs. i love this camera, i dont know what would do without it! my kids can even operate it, we have made so many quality movies at home. i also use this camcorder for paid wedding and special occasion videos, it works great and i love the brand i really perfer it to others. its not for you if you arent going to use alot or have a problem with the size, i dont think it's that big but then again i use some equipment thats enormous. this is not a palm caamcorder. once you figure out if this is the camera for you, you will be please, i enjoy it a lot!! there are descriptions of the camcorder, options and quality of the product on this page. i love it and hope my short review helps. i know this is a non-detail review but all the info is on this page. this isnt for a person looking for a $400 dollar camera, if you want quality movies or use it for your job, ect. i really think this one is great! hope this is useful, camcorder fanati
"
"a really cool digital picture frame, very simple to use and supports all types of memory cards even a pen drive
"
"this spotting scope from bushnell is an excellent buy if you are an outdoors person or if you like watching the world from your window. you can even view the craters on the moon. plus it's waterproof and comes with two cases and a tripod. the amazon price is the best deal on the internet
"
"the picture is fine at this price. i bought the panasonic vdr-d100 for my daughter because she usually doesn't want to do anything with the computer like edit video. when we gave it to her the first thing she asked was, ""can i edit the movies?"" i did a quick test to make sure the dvds would finalize and work on another dvd player with success on 3 computers and 3 dvd players. i didn't find anything the disc wouldn't play on. then i started up vegas movie studio platinum which i use to edit my minidv movies. i selected import from dvd and it went straight to the minidvd and loaded in the files where i was able to edit and add titles, music, sound effects and a voice over if i wanted to. since i already bought dvd-r/w discs she will be able to reuse them if she ever edits the movies because you can unfinalize the discs and reformat them.
"
"the camera fits perfectly. the case is very stylish. best of all, its pink
"
"this camera was the best ""little"" camera i have ever owned. it is so amazing. it takes fantastic pictures and it is cheap
"
"from all the reviews i read, i expected certain pros and cons from this lens. i was not disappointed. pros: very sharp lens with very good colors cons: vignetting at wide open, and a little too contrasty for myself, the pros outweighed the cons for the price. it is ideal for the 1.6 multiplier cameras, where it becomes a 38mm lens
"
"great product. good value. maybe a little slow for focusing, compared to my old 18-55mm canon lens. good quality pictures. great all in one lens
"
"easy to use, including zoom and uploading to computer. nice clear photos when printed out
"
"the ergonomics: perfect. the d200 is not completely rubber-encased. there's rubber where your hands need to hold it, and plastic where your hands rarely touch it. the hand grip is comfortable and nicely concave where the tips of your fingers can dig in. the battery door and the memory card door are made of plastic, and hinge-pinned. a simple slide latch opens the battery door....and some have warned the latch could be easily (accidentally) tripped. the memory card door latch, however, uses a more secure 45 degree pivoting latch. usb 2 and video out/dc-in doors are made of flexible rubber, and these doors extend into the body of the camera as the hinges themselves. the english language operating manual is a work of art. each operating concept is alpha' and numerically numbered at the pictoral diagram, and to the page where the function is explained in perfect english. the reader will quickly catch on to how this well thought out manual is organized. i like the depth of field preview, the mirror lock-up, and the multiple-exposure capability. the continuous servo autofocus does a better job than any human at following and focusing on any moving object. if you have the old manual-focus, film-based nikon slr lenses from the '70's and '80's, except for a few rare exceptions, will fit on the d200. all these positive attributes remind me of the best, most highly-evolved film camera slr's. no wonder so many photographers have been won over to digital media.
"
"this is why sony is hot! this sexy little (yes its really small the size of a pack of cards) it takes perfect clear and crisp pictures and the battery life is a long 320mins perfect for a vacation, make sure to get a memory stick with it though, because w/o it it only holds about 15 pics. this is my first digital camera and i would definitely buy sony again
"
"i read many reviews at fredmiranda.com before i purchased this lens and i was not dissapointed one bit. i was lucky enough to receive a very sharp copy of this lens on the first try. the macro shots were very sharp and contrasty. the center part is already reaching near maximum sharpness at f2.8 anything beyond f4 is tack sharp. be carefull with this lens though. the dof at f2.8 is extremely narrow. don't mistaken the out of focus shots for being unsharp. focus properly and crank up the aperture and you'll get some very satisfying macro shots. the only thing i wish this lens had was image stabilizer. canon, how about a 100mm macro with is?
"
"this is the first is lens that i've owned. i had trouble justifying the extra expense but am now quite pleased that i took the step up. keep in mind that tis is an ef not ef-s lens. this makes its effective focal length about 45-215mm on my digital rebel. i love the zoom range (great for shooting action shots of kids without getting in their faces) and the ability to easily control the depth of field on my nature shots. just uploaded some of my recent shots with this lens under ""share your own customer images"". pete leclair http://www.agentz.com/digitalimagesbyjpl
"
"i've owned the t9 now for just about 3 weeks. i purchased it after some extensive research. of course you never really know a product until you've had it awhile. here's my thumb nail opinion. i like: the ultra thin metal body optical image stabilizer great photo quality high iso performance large, high rez screen auto focus assist lamp works well very fast start-up fast recovery even after flash lots of built in memory, but you need to buy the 1 or 2 gig card ok slide show feature with music i don't like: redeye doesn't work that well too few manual controls needs white balance needs long shutter speed modes chews up battery time pretty fast. already ordered a second battery. no optical viewfinder (most ultra smalls don't) flimsy plastic cover over the battery will be first thing to break all in all a great little camera. takes awesome, clear pics. not for the professional photographer, but that's not why you are considering it (i hope).
"
"what's not to like? light, compact and comes with the strap, case and wipe cloth. they are perfect. keep in mind 12 power can be more challeging to hold still
"
"i have been working for a major daily newspaper in baltimore for 2 decades. perhaps that will qualify me as an expert in photography. i have been shooting digital imagery since the late 1990s. maybe that qualifies me as an expert in digital photography. this may be long- winded, but it's extensive and can be useful. i received the nikon d2h camera -- 2 bodies total -- over one year ago. i think i got them shortly after the d2h system was released in 2003. since then, i have used them to shoot images of all types -- documentary, sports, daytime, available light, flash, and dead- of- night -- for the paper i work for. this is the only camera i work with. first, please read the manual. there is a ton of information there, and the information is terrific to begin with. the d2h is highly- configurable, with screen after screen that you can set for your own specific use (resist lending the camera to anyone for a long period of time, for your camera may be returned with many of your settings changed so much that it acts like a thoroughly different camera). i'll just punch right in to the way it feels. the camera is a rather heavy beast, and for some, there can be an amount of shoulder or neck fatigue when using it for hours per day, like i do. but the camera feels well in hand and the controls are easy to move through. i've long since given up using any camera bag. all i have are a fanny pack for a 14mm, 55mm, teleconverters and 2 extra camera batteries and flashes clipped to its belt. and the d2h's hold the 17-35mm nikon and the 80-200mm nikon one- touch or the sigma 120-300mm 2- touch. shooting is a breeze. the batteries let you shoot long before the need to recharge. i have my d2h set on iso 200 or 400 most of the time and sacrifice shutter speed for lower iso as often as i can, because the higher isos bring digital noise and a loss in color saturation. just today, i purchased digital noise plug ins for photoshop to limit this, and that's a wonderful thing to invest in with this camera when you must shoot action photography with no flash at iso 800 and above. i now have little problems with capturing images in even barely- limited lighting. i recently shot stars and a plane wing from my seat of an airbus at 36,000 feet over the pacific at 30 seconds wide open @ f/ 2.8, and it looks tons better than night shots via the d1h, which lacked the internal digital noise filter. that filter kicks in at around 1/2 second and longer exposures, and can make you wait as long as your image you've shot to strip your long exposure of much of the digital noise. when you shoot this way (and in general), don't simply react by cranking up iso because you will not be happy with your results. the camera can be loud. at over 7 frames per second, it can make you obvious in a quiet room. shooting sensitive situations can be testy, so limit your shooting to single frames. i wish this camera had an option to silence this camera, but since the mirror has to raise and lower, there's no chance to do this. am i happy with the d2h? definitely, yes. are there improvements that can be made? yes. but the benefits outweigh the drawbacks. people have been bailing out of using the nikon system and going canon, which has some incredible gear, i won't deny that. but instead of simply giving up on your system of equipment, learn how to use the d2h well and you'll be much happier than ever. and that means you should push its qualities to the max while respecting its limitations. for instance, white balance. this can be the best thing for you, or the worst thing you've ever dealt with, depending upon how you approach it. daylight, grey skies, dusk and dawn are easy, because you can set the camera to daylight, flash, shadow (for dusk and dawn times) and even the fluorescent and incandescent tend to be right in the ballpark. but the horrible mixed light or the street lamps that glow blue/green or orange- red from mercury vapor can be the death of an image if you don't properly use white balance. preset white balance is king, here. i can get grey, black and white when i preset in mercury vapor light. and i used the preset for any light that the auto white balance setting can't figure. there is also a setting to dial in kelvin temps as well! if you do this (and i can go on for miles here), you're on your way. so, with trying this d2h, or considering it, read through some of the digital d2h forums and ignore the posts that slam the camera without giving instances. generally, those who pan the camera have not tried to understand it. i can bang off images to disprove where they suggest this camera will fail. when you have decent light, you'll have a decent image. but when you try to use it without learning how you can maximize the system, you will come about shooting images that are terrible and unprintable. in closing, i have not been paid by anyone, i have no nikon stock and have no outside interest in writing this except that i'm giving the d2h credit where it's long overdue
"
"this is a very good camcorder with the main problem i noted being the dvd format giving only 30 minutes or so of recording in hd mode per disk. it is also a problem that only blue-ray dvd players can play back the dvd in hd mode. even worse that it might destroy the disk if you use it on another player. nevertheless, the price was good and i think blue-ray will be more affordable in the near future. meanwhile, i can playback my video directly or send it to the computer. i am glad i bought it. if a minidv tape version were available at the same price now i think it might be better to stick with the tape version for now though. i was sent a bad power supply with the camcorder but sony sent a new one right away. be careful to buy the correct battery and external charger accessories for the camera as it is a bit confusing as to which will work for it. overall - i am very happy with the camcorder
"
"i owned this lens for about a year before upgrading to the image stabilized f/2.8 version. overall i was very happy with the f/4 lens and miss having it available because of the significantly lower weight. sharpness is amazing and comparable for both lenses, and the f/4 can provide plenty of background blur. if you are shooting mostly outdoors i would recommend the f/4.
"
"because of it's non-intrusive red lighting, and especially because of its size and brightness control, this is the perfect little light to bring out in to the field for observing. one caution; make sure you have the lanyard securely around your wrist, especially if you're shining the light down a tube to collimate. one slip, and it'll be headed toward your primary
"
"i received my 28-200 yesterday from amazon. having read the customer reviews, i immediately put my rebel xt on a tripod and ran two series of comparison shots with the 28-200 and my canon 28-135 is. three shots each at f-stops 5.6, 11, and 20, one set indoors at iso 1600 and the other outdoors at iso 200. focal length 135 using the same scenes with each camera, highest jpeg setting. after shooting both series, i compared them fresh out of the camera, side by side. results: the 28-200 was at least as sharp as the 28-135 in both foreground and background in most instances. it was visibly sharper at iso 200 with f-stops 5.6 and 20, (the 28-135 took the honors at f-stop 10), and at 20, it was visibly sharper in both the foreground and the background. the 28-135 was one-stop faster shutterwise. both lenses produced pictures which would sharpen nicely in photoshop. there are the vagaries of autofocus and different shooting conditions to consider; different test scenes conceivably produce different results. my conservative conclusion: the 28-200 is as good as it gets for a super-zoom on your canon (unless you are going to drop $2200 on the l series 28-300 is and carry it), and the 28-135 is has no clear sharpness advantage. between these lenses, its a tradeoff---an extra 65 mm of focal length (105 mm after a 1.6 conversion) versus image stabilization and low-light shooting capability. both lenses focus quickly and silently, and both lenses produce usable shots.
"
"i am really satisfied with the purchase of this camera. good quality workmanship. canon has been a leader in photography in my book. easy to use controls for any one
"
"i had this camera for 6 months and so far there have been no problems. the only flaw is that it dosent have a long battery time. it takes good pictures and short videos
"
"i got a nikon laser rangefinder for chrisymas and it had an 8x magnification. i found this to be to powerful for golf.i could not hold it steady on the flag.the 6x magnification on the bushnell yardage pro scout was much better. also it is very compact and stores easily in my golf cart. the price from amazon was well below i could find anywhere else.
"
"the case is protective and stylish without hindering the camera's ability to store and transport easily. it's definately worth the dough to keep your nikon s1 or s2 from scratching or even breaking from a minor fall
"
"don't believe the marketing kodak does. i was using only kodakfilms for nearly 5 years. i recently switched to fuji based on some online reviews...i was pleasantly surprised at the results. i highly recommend this film
"
"i looked at this camera the panasonic hvx200, the sonys, the jvc 200, and even canon's bigger brother the x1. i found this one to have fantastic reviews on dvinfo.net, a great video forum. my concerns about 24f vs 24p were addressed to my satisfaction- there really isn't a difference. i like tape vs the hvx's expensive storage solutions. one concern i had was, will it look like a pro camera? that is important in some situations where your equipment gives you added credibilty with clients and talent. as soon as i opened the box i was in love! this is a really substantial camera. especially with the opt wide angle from canon and the matte box provided, this does not look like your mama's camcorder. i really like the manual controls, so that you don't have to go thru menus to change parameters. the layout of everything is great. i really like the dual on/off and zoom controls- top of handle plus rear right side. holding the handle for low or medium height shots is very, very comfortable and the controls are perfectly positioned. only down side- and it is incidental. the matte box is a bit flimsy- lightweight plastic. that helps with weight, but i worry about breaking it. some may say that hdv codec is not as good as dvcpro, but my eye does not see it. the colors are magnificent and it blows away many other cams in low-light. if you are looking for point and shoot, this is not your baby, but if you want a pro quality camera for a really great price- this is it
"
"this camera is the best point and shoot cameras for the money. just think of what you are getting. not just a 7.2mp camera, but a lica lens and technology. not a bad deal. the images are not bad when printed. on a scale of 0-10, 10 beining the best, i give this camera an 8. david the photog in chicago
"
"i recently purchased this camera. it arrived one day before i was due to fly out to palm springs. i took lots of pictures with this camera and was pleased with all of them except the night time pictures. this may or may not be because i am a novice photographer. even with the night time setting my pictures came out blurry, but all others came out better than i ever expected. i think once i play around with it, my night time pictures will improve, but straight out the box this was kinda disappointing to me. no regrets with this purchase though. also, buy a larger memory stick. the one that comes with the camera only stored 6 pictures and i had to run out and buy another.
"
"after much research i finally found the binoculars that fit my every need. the price was right, the delivery was right on schedule, and the product is excellent
"
"i cannot help but giggle when i saw comments like ""great lens for the money"". it is selling for $440 at here, even on so-called clearance. however, one can easily find the same lens at least $50 cheaper at some decent online camera store, such as bandh, ritz camera, etc. sad amazon..
"
"this rangefinder is great! much lighter than the big bulky other units. has all the great features that is needed. this is one that you will take with you and not leave in the truck because it's too big. i tested this against some of my buddies' bigger units at known distances and this one out did the bigger units in speed and accuracy. great scan mode. best buy. should be sold for about ($) more than asked for
"
"this is a well made head constructed of solid metal with a nice finish. there are no plastic parts and even the rubber piece on the quick release plate is hard rubber. i have used it every week for about two years and have had no problems with it. i use it mainly attached to a monopod for sports photography and videography. the quick release has a clever locking mechanism to prevent accidental release. i bought an extra quick release plate so i can switch between two cameras. tilt only -- no swivel: amazon (and others including bogen) calls it a swivel tilt head, but that seems to imply that it moves in two directions -- tilting (up and down) and swivelling (side to side or panning). this head only moves in the tilting direction which allows you to orient the camera in either landscape or portrait modes. the tilting action could be improved if the head clicked into the upright position when you tilt it back to landscape. when you are going to the portrait mode, there's no problem since it stops at 90 degrees. however, when i want to go back to landscape, i have to hold it out and look at it to see if it's level. a subtle click to know i'm there would be nice
"
"this is a good battery and lasts for a long time. good value
"
"i am not a photographer, but i enjoy taking good pictures. i never had a digital slr before; the camera i had before the d50 was a nikon coolpix (a compact one). i thought this would have been a good camera for someone who enjoys good pictures without being a pro. i realized that it was even better than what i expected (maybe because i was coming from a nikon coolpix). the colors are amazing and the quality of the picture is extremely good. the d50 is among the cheapest digital slr's, and, at the same time, it is a very serious product. i don't think the d50 is much inferior to the canon rebel, even if the canon has 2 more megapixels of resolution. i used both the d50 (which i own) and the rebel (at my school) and i think the d50 feels much more like a ""pro camera"" when you hold it in your hands, while the rebel feels more like a toy. the lenses provided in the package are good, but are basic. according to me the 18-55 is better than the 28-80, but i think i should have bought the 55-200 as well: 18 to 200 covers most of the pictures that you can take. also the 18-135 that nikon sells with the d80 looks good to me, but they don't make a kit with those lenses for the d50. the last thing that really amazes me is the .nef format (nikon's raw format). it is impressive how quickly you can improve a .nef picture with your computer in just very few clicks of mouse. if you want a good camera, and you don't want to spend too much money for it i think this is the best choice
"
