"the ultrasonic aromatheropy fountain is really unique. the sound generated, yet unheard, causes water to spring up from the surface 3-4 inches to provide a fountain-like water sound. at the same time, the frequency of the sound waves create a plesant cool misty fog that slowly boils over the sides and out along the surface it is sitting on. all the while, led lights under the water slowly change seemingly to all colors. the construction was just a little light duty other than that, very nice
"
"this is an exceptional value for an exceptional dryer. i have paid alot more for more well known, brand named dryers. i have long thick hair and this product dries my hair in half the time other dryers have done in the past. buy this hair dryer, you won't be sorry
"
"i own this unit for more than a year. bought it in the local drug store for $20. first unit was bad, displaying low battary error. i exchanged it same day for another one. i compared readings with traditional thermometers and found it to be very accurate, fast, and can show in both c and f. the best i've ever had. the case is bad - lock broke in a week
"
"i have to say that i have been converted. for over 15 years now i lived with a razor. i have a pretty thick beard and it grows fast too. i am the kind of guy that gets a 5 o'clock shadow at noon. i have used every single type of razor out there from disposable to the battery operated vibrating type and from the one blade to the 5+1 blade. i have tried all the brands and ended up feeling the gillette brand is the best type of razor, but now i find it's not the best shave. i used an electric shaver several years back, it was one of the top of the line norelco with the incorporated gel. it gave me a pretty bad razor burn and did not get all the hairs; i ended up having to shave as normal. --true story-- i am a manager at my job and on my last annual review the only item i was marked bad was my personal appearance. not that i dress bad or not wear deodorant, but that they felt i didn't shave often. (i shave at the very least every other day, usually every day). so i felt i had to so something about it. i researched electric shavers thinking i could get a quick shave during my lunch hour in my car or at least on my way to work so it would last longer. i found that panasonic seems to be leading the pack and was moderately priced and had all the features the expensive models had. the instruction manual is explicit in saying it will take about 30 days to get used to any new shaving method and they assure you will love the panasonic shaver once your facial hairs get used to the way it is cut. i have been using it for almost 30 days now, and i will not live without it. i have never had this close of a shave before. i can actually go 2 days without getting a shadow. my fianc has found a new love for touching my face, and i seem to be getting more kisses too! during the first 2 weeks i had to get a couple of the missed hairs with my old gillette, but today officially i was able to through my gillette away for good. (my boss has even asked what i am doing different and when i told him, he went out and bought one too, he also loves it now. my fianc said she would leave me if i stopped using the panasonic, it's a good thing panasonic has been around for decades) so, i am raving about his product, but every good has its bad... what the bad? well, it gets a couple of weeks to get used to the shave, but for the amount of time i am planning to use it and the money i am saving from buying razors every month, i can handle that. the cleaning system is very good, but it takes very long to clean (2-3 hrs) and it is noisy since the base turns the shaver on and off during the cleaning cycles. the cleaning cartage is said to last 3 months whether you use it once a day or one a week. i have not gotten to that point yet, but it is very very easy to clean in the shower with some body wash. i just end up using the base for the drying cycle, which is an option. the batter is very good. in the month i have used it, i have charged it twice but it really didn't need it as it said the charge was good. overall... excellent product. could there be a better shaver out there, maybe, will i ever know... at this time, i am not worried about it, i am very satisfied with this panasonic, and don't think it can get any better. this product does not include the cleaning base. i do recommend it as even if you don't use it to clean the razor, you can use it to dry it, it will help keep your blades in the newest condition and prevent them from rusting when air drying. but, if you are looking to save money and get an excellent razor, this is it!
"
"this creatine works very good on me building muscle,it has no flavor,i recommend it with a good diet!! see results in weeks!
"
"the lifesource bp monitor was just what i wanted and was priced just right. it was delivered in a timely manner and i am a happy camper along with my wife. thanks.
"
"my arms used to get so sore because i'd blow-dry my thick, frizzy, curly hair for about 1 1/2 hours and then have to go over it again with a cheapy flat iron from wal-mart. after having a stylist at mastercuts use this on my hair and achieve even better results in under half an hour, i knew i had to buy this product. this is a great price considering at most places like trade secret, the iron alone can cost about $129 plus tax, plus the chi products are $15 and up. it's a great value, and it benefits a great cause, so why not? so if you have unruly, thick, curly hair- this is the product for you! just be careful because it does get really hot- i burned my ear a bit. other than some common sense, anyone can use it and achieve great results. i tried messing with it to flip out my hair and curl it, and i've almost got it down
"
"this dryer works great but it gets pretty hot. watch your ears and fingertips
"
"i was searching for a two inch curling iron for a while. i have had so -so dealings with gold n hot in the past so i was a little nervous but i purchased this one anyway. so far, so good. it's surprisingly light (at least compared to my one inch ceramic tools curling iron). i usually let my hair air dry and use my curling irons to straighten my hair as i curl the ends (i'm black with a relaxer.) i have yet to do it with this one. although i might try b/c it gets really hot. (i usually have it on around 20-25 out of 30) the only problem is that the ceramic can chip off (it happened with the first one i bought, but i returned it and got a new one that hasn't chipped so far) and it's so big that if you take your thumb off the spring grip, it can be hard to get it back on (i have huge hands too.
"
"27 ounces is a nice size, the bottle is light (can be dented), and water stored in it tastes very good....and that will be even more welcome in the summer when a hot plastic water bottle in the car will taste lousy! another reviewer mentioned a squeal......that would be while twisting the cap on or off. i've gotten used to that. wish it was just a hair thinner to fit in my toyota cupholder...that may not be an issue with toyotas that are newer than mine are (10 and 15years). in the car, on the nightstand ,in the canoe or kayak.....it's working for me
"
"this product was reffered to me by my hairstylist after she noticed alot of frizziness and breakage in my hair. this has worked beautifully to protect my hair from the blowdryer and straightening iron! i would give this product 10 stars if it were available! my hair is very smooth and very healthy looking because of this product and other products by chi. i absolutely recommend this to anyone
"
"it cost a little more, but it's worth it. it keeps the last 5 temperatures so you can compare
"
"it is a great product and makes my husband's face as smooth as a baby's you know............................
"
"these are a helpful item for me; the cloth pockets are nice, and the instructions for microwaving are clear and simple
"
"i am in my early 30's and have been experiencing severe and embarassing break-outs along my jaw line, chin and cheeks for the past couple of years. i have tried murad, proactiv, acnefree and many other systems without success. a month ago i picked up the neutrogena system when i saw it on sale. within five days days my skin started to clear. now, i have a completely clear complexion and have not had a single break-out since starting the system. i have had no problems with drying and my skin is much softer than before. finally, a product that works and comes at a decent price!
"
"after buying several different seat cushions for my office chair i found this seat and it is the best choice i ever made. the seat has a low profile but is extremely comfortable
"
"my hair gets weighed down very easily by finishing/smoothing products -- they will leave my hair looking flat and greasy instead of smooth. my hair is very fine, but also thick (which is very annoying). this finishing solution leaves my hair very smooth without weighing it down. it seems very expensive for such a small bottle, but a little goes a long way (i've had the same bottle for nearly a year and it's still not finished). definitely spritz it into your hands and not directly into your hair because it does not disperse at all. the scent is very light and refreshing and not at all overwhelming.
"
"bandb styling creme is absolutely the greatest hair product i have ever used. thanks for making it available on line
"
"these batteries work well. they don't last as long as normal batteries, but the ability to recharge them makes them more than worth the additional costs. if you have kids with toys, these are a must
"
"this isn't a product thats going to get you laid after she sniffs it a couple of times. it's starts the chat and dialog. what it does do is start the conversation and keep you the their target. m-11 kicks up the yackity yak in her with you being the focus. i;ve tried a few of them including that 90 dollar rip off thats advertised in popular science, and this is product works just fine. give it a go guys. it gets you past that awkward dork moment when you are trying to talk about somthing other that what starbucks you hang at. its not a sex pill so forget it. but, it will open up the road you need to walk down to get to the garden of eden or whatever. so don't be a little whimp. be a man and give it a go. its a way to the women you want via the mental route. yes, you have to think. it will work for you so do it
"
"i bought this one for my wife and she was really happy about the product. she personally like the product and really good
"
"have had several norelco razors over the years. this is the closest shave i have ever gotten from any electric razor - and it is also the quietest. only comment is that it requires recharging more frequently that its claims but not enough of a problem to offset the quality of shave. highly recommend
"
"these batteries are used non-stop, one set in and one on the charger. no problems would buy again !
"
"this is exactly what i wanted--the last 1 i bought is over 10 yrs old and still going--i was afraid each day it would go out and could not find a replacement anywhere---you are a life--i mean, hair saver!! diane in texa
"
"i have to write a review for the below review (the one i have in quotes). the below reviewer states this is 170 watts and you need 1875 watts. i nearly fell off my seat! not only by the review but by how many people recommended it! first, 100 watts is average for a hair straighter. 170 watts is excellent! 1875 would melt your hair! i did not think it was fair that this person rated the item without having knowledge on wattage. ""this straightener only has 170 watts of heating power. that is not a very good number! if you want salon-straight hair you need a ceramic straightener with 1875 watts... especially if you have thick or very frizzy hair!
"
"i was unsure if this product would be as good as the one sold at brookstone. it is great! just as good as the ijoy sold at brookstone, but much cheaper. i love it
"
"well, the other reviews tell you that the shaver works great [compared to other battery operated shavers]. i agree. my point is that one can buy lithium batteries for about a dollar each. google for led flashlight reviews and you will find highg quality cheap lithium batteries. some of them were even tested and evaluated by the flashlight guys
"
"if i could give this product over five stars, i would! i get eczema on my eyelid and went through tons of products trying to find something to soothe it when i finally got this product in one of the starter kits burt's bees makes and i was hooked. i use this with their marshmallow vanishing cream and my skin feels and looks great. i have also noticed a decrease in the dark circles i always have when i use the royal jelly cream, though that could just be relief from no more eczema problems
"
"i think it nice for me,make my eyes relax after long-time working before computer
"
"you know right away your teeth feel different, much like how they feel after a dentist cleaning. the dual action (larger) head is gentler and feels more like a normal toothbrush but it certainly isn't as aggressive as the smaller one in it's ability to clean. if you can handle the smaller heads they certainly do a better job. the flossing attachment was also very effective
"
"easy to use; and a wicked incentive to lose weight. have lost 20 kilos in just a few months from walking.
"
"i got this showerhead for christmas and am really happy with it!! it's really a pleasant experience to have the water raining down on you. i do agree with the other reveiwer that the adjustable knobs are tough to get to stay in place. but with mine anyways it stays in place while i'm using it and it's only later that it slowly lowers down. then i just move it back into place and tighten the knobs again when i want to use it. it hasn't been any trouble so far. i love this showerhead so much that i'm actually already looking for an even larger one!! i highly recommend these ""rainfall"" showerheads!
"
"i have, on the advice of my ob/gyn been using dove(white) for over 25 years!!my skin is very sensitive and dry and he recommended i should use it instead of other brands. he was not wrong! it works very well for me
"
"nicely designed., effecitve, close shave, very reasonable cost, but..could they tell you simply how to turn it on? embarassed to admit, took me almost 15 minutes to figure out the on/off feature
"
"i bought this scale for my wife (ya, i'm that sort of guy)! she's definitely not heavy, but 'concerned' and a follower of weight watchers. i was shocked to read various scale reviews prior to purchasing this one and find so many that did not weigh accurately! well, this one was highly rated by most reviewers for accuracy and they are right. this scale is very accurate in determing a person's mass (sorry, i was a physics major too) and confirmed at her weight watchers' weighings. as for it's accurate determination of ""body fat"" and ""water"", i can't say, but feel these are a bit gimicry anyway. as for my wife, she loves the scale and me. although, her love for me covers over many poorly chosen gifts, so i'm not absolutely sure about her love for the scale. however, i do know she uses it ever day and enjoys telling me of her victories
"
