"it's a quality product from krups which gives lots of froth! sometimes too much. if you are not experienced capuchino maker this product is right for you
"
"the step stool, a gift for my daughter, works well as a step stool. the problem was in the difficulty to attach the seat and back to the stool. the frame did not meet and had to be bent to align the screws. there was a hole in the box and the screws fell out, so my daughter had to request the screws before she could put it together
"
"item shipped lightening fast! in perfect condition! just as describe
"
"this is a countertop friendly, cordless espresso maker that makes great coffee when you use an espresso grind for the coffee. the auto shut-off makes it foolproof, and it is made of stainless steel, so no off tastes. i think it is great
"
"i bought these as i was trying to find my pattern on the internet. i love them! they are great in the microwave and they match beautifully. perfect for a small dish of ice cream or peaches or to put salsa in for snacking.
"
"just what i was looking for, it is an odd sized cover that is hard to find. great quality also
"
"i personally haven't heard a peep about silverstone in ages, and frankly, when i bought this item, i didn't even realize it was made by them. i needed new muffin pans, so i just looked for the best deal, price-wise. i saw this set, and figured it was as good as any. when i received them, i was ecstatic. when you think of something relatively trivial like this, you don't really expect much in the way of quality, but man, was i wrong! these things are weighty, very well constructed, and have durable written all over them. i consider it a huge upgrade from my old, flimsy no-name tins, and i highly recommend them for anyone who, like me, bakes a lot and really just doesn't want to worry about replacing these kinds of things too often
"
"these bowls are so pretty, the colors are great. they are a lot heavier then i thought they would be also. i'm so pleased with this purchase
"
"this is a great product for holding your knives. my wife and i got a nice set of henckel knives as a wedding present. i couldn't figure out how i could transport the knives. along with the blade savers, this roll bag does a great job of protecting as well as allowing us to safely transport our knives
"
"my husband received a similar bag for christmas that holds 6 bottles of beer. we are scheduled to attend a formal event where we will need to bring 2 bottles of wine. the black is perfect for the purpose and looks much better than a gawdy paper bag or bottle bag and we don't have to worry about the bottom falling out. the material is sturdy and for cold wines will insulate well
"
"i just bought 2 of these tables to use as nightstands. i have a very high bed, and thought they would be too short and too small...but they are perfect! i love the extra storage at the bottom, and the little drawer is very useful as well. assembly took no time at all, and the tables turned out extremely sturdy. i am very pleased!
"
"sango stoneware has been great for us for everyday use. good feel with smooth surfaces including the bottom so it doesn't scratch. i've built up a whole collection of sango gold dust after seeing it at bed bath and beyond. pick up items on sale, no need to pay regular price. this set is a great addition to a more complete collection
"
"as previously mentioned, while they call this red, it is really a burnt-orange. if you are trying to match some other red beware! the potholders themselves are very functional and if color isn't an issue, then buy these!
"
"i bought this product for our family to start making pizzelles. its so easy to make and the size is just perfect. i would recommend this product to everyone. kids can do this too
"
"i just love this garlic roaster, it roasts up to 3 med. size bulbs of garlic in less than 30 min. i like the idea of a mini roaster so i do not have to heat up my convection oven for such a small quanity of garlic. it is easy to clean and has great appeal in the kitchen. it has an automatic light and lets you know when roasting is complete. it cooks to perfection while lightly roasting the garlic ( top facing down)and i like to use a cloth to handle the hot garlic and squeeze them into my mashed potatoes, if you allow the garlic to cool off, the cloves firm up and are great eaten with a desert fork. i use spanish roja garlic in this roaster and it comes out perfect every time. i have used this machine for 5 months now and have since purchased another one as a gift
"
"my mom has arthritis in her hands pretty bad. most peelers are difficult to impossible for her to use. not this one, it works flawlessly. it is easy to hold in her hand, and the blade is sharp enough to do a great job on potatos and carrots
"
"nice compact size-can be moved easily. does freshen the air in the room noticeably. on whisper setting is almost silent. on turbo setting can be heard but in no way impinges on life, maybe would sleeping. does shoot out air but does not ""blow"" with any force. over time, like a day, all the air in our 20'x20' living area changes. did have a noticeable plastic like new odor the first few days of use which wore off. haven't had any build up on the collection grid in these 2 weeks, but it would be easy to clean.
"
"i could not resist trying this method of making espresso. you know you can spend alot trying to get a decent product and i have not been disappointed with the practically inexpensive bialetti. the first attempt was successful and that told me this was for me....the bonus milk frother made more froth that an old steamer frother i used to have. there are a few tricks with the frother(1% milk by itself not so good but add some half and half to the milk and voile'). the milk mixture needs to be heated enough to coat the back of a spoon, pump it quickly and serve. regarding the espresso maker itself....just don't add any more water than to that line..and oh don't open the lid to look at it until it is done or you will get sputter onto your stove top. to know when the espresso is done just listen you will know when it is done....very quick and yummm
"
"i was going to buy the lello 45900 ariete espresso/cappuccino maker, because the price was so good , but i waited over three months because it was not in stock so i looked for a replacement and this machine was more than twice the price, but after using it, it's more than twice the machine i think , on the amazon description it says the pump is a 16-bar pump , but after checking reviews on different web sites i think amazon made a mistake because on all the other web sites ,it says the a pump to be 17.5 bar pump, that's even better , and the other thing that i like, was the fact that it had a cd , that was not said on the description either , i never use a espresso machine before so seeing a short little videos was very helpful , shows and explains the basics, from making espresso two frothing the milk ,cleaning tips and more very helpful . so i made myself my first shot of espresso , it was great nice little cream on top, it just looked beautiful , i didn't think it would work to good because i bought some pods, and i wasn't sure how it would work , works great , taste great and easy to clean , second day i made myself a latte again excellent. third day i got adventurous i made myself my first cappuccino, and again great put starbucks to shame. the espresso i was using was the illy sucro espresso pods 906, naturally the espresso you use is actually more important than the machine i guess this one taste great ,about different type of syrups caramel vanilla hazelnuts irish cream , the syrups brand was davinci ,so yes i am very satisfied with this machine , and i guess i got lucky because this one was out of stock for a long time
"
"beautiful, good quality bowls. heavy and thick, they won't break easily. vibrant colors. i'll be buying more
"
"i have purchased other syrup dispensers in the past, and all of them broke. usually the thumb lever jams with dried syrup. this one is a unique design that appears to prevent this problem. and, it even comes with an extra o-ring :-
"
"i bought one of these in august of this year. i used it daily to make a ham/egg/cheese/english muffin sandwich every morning with great results. however, after about a month, the non-stick coating started to bubble then peel off from the egg poaching pan. i called back to basics and had a new pan free of charge within a few days. the new pan has been in use for two months without issue. the people at back to basics were very kind and shipped my new pan without hassle. some people reviewing this product have complained about the stainless steel water boiler becoming dirty from minerals and scalded meat juice. others have complained about the egg being soaked in water from steaming and/or sticking in the pan. i have overcome these problems by doing the following: i bought a gallon of distilled water that i use in the water compartment (at an ounce or two per use, a gallon will last a long time). this prevents any mineral buildup and keeps the cooking cycle time to a minimum (keeping the stainless steel clean keeps heat transfer to a maximum, therefore speeding cooking time). every three or four uses, i wipe the water compartment with a damp paper towel to remove any accumulated debris that may have dripped down. after cooking everything, i remove the egg poaching tray and while holding the egg in the tray with a plastic fork, tip it on its side over the sink to drain off any accumulated water, then remove the egg with the plastic fork. i use store-brand spray oil and have never had an egg 'stick' in the pan. i have found that if i want toast/an english muffin/a bagel to be pretty crispy, i have to run it for two toaster cycles. all in all this is a great product. butter consumption in my house has decreased dramatically, and i'm not making a huge buttery mess on the stove every morning. plus there no dirty spatula and frying pan to deal with every day.
"
"this was the first item that i purchased on amazon. item was received in excellent condition, and in a very timely manner. very pleased
"
"the plates are modern and good-looking, always rate compliments from guestts. i would like them more if they were a little bigger
"
"using a chemex requires water to be heated in a tea kettle prior to brewing, and it requires a finer ground than what auto-drip machines ask for. after the water is brought to a boil, it's important to wait for it to cool just slightly (about 30 seconds) and then you need to wet the grounds in the filter, wait for them to drain, and then fill the pot with water. want more than a single cup of coffee? you wait for your first pour to brew, and then fill the filter again. some advantages over other forms of coffee brewing: 1. taste: i don't know how it does it, but the filter does keep your coffee from being bitter. 2. cleanability: users can keep all necessary components clean (anyone who's brewed water and vinegar through their coffee maker to kill off a bitter taste that wasn't there when you bought it understands this plight). oftentimes, the most aggressive criticism of the chemex is its ponderousness to clean because it's not possible to get your hand into the reservoir. some people prefer to add hot water and soap and give it a good rinse, which is fine if you clean the moment you empty the pot, but if you're like me and you let the remaining sip or two sit until a nice coffee stain is on the glass, then you need some good 'ol fashion friction to get it clean. the best thing i've found: a baby bottle cleaner. it's narrow enough to get into the reservoir and the angle can be adjusted to scrap the walls, too. brilliant! 3. electricity free: as long as you can boil water, you can have coffee. 4. mud/sludge: french press and stove-top espresso-style brewing always leaves a thick slime at the bottom of an otherwise rich cup of coffee. don't get me wrong: i think that's good (i use a french press when i'm in the mood), but the cone on a chemex doesn't allow that at all. 5. style/size: the chemex coffee pot is a relic (designed in the 40s) and the wood cuff with rawhide tie screams simplicity and elegance and it's a wonderful, minimalist sight on any kitchen counter (and unlike electric coffee makers, easy to move if you need the space). some drawbacks any purchaser should consider: 1. time: it does take 5 - 10 minutes of labor to get the morning cup of coffee. 2. cones: you can't run over to wal-mart when you use the last filter; you need to find a specialty store or go online, which means you need to plan ahead. 3. cold coffee: no electric hot plate (thank god) means coffee not poured and consumed immediately gets cold quickly. you can buy a wire guard and a glass lid so your chemex can be warmed on the stovetop. i think that's more labor added to an already laborious endeavor. just have a warmed thermos ready and use that to store any unused coffee. 4. learning curve: it does take some time to get the grind right, the amount right and the water level right to find a cup which caters to your tongue. 5. cleanability: i know this is in the advantages column, as well, but it's worth mentioning that a lot of people hate cleaning these things. to submerge it does mean pulling off the wood cuff (which is a small pain) else it will get nasty over time
"
"it is hard to find spoons for tall drinks. these are excellent quality- nice heft and good looking as well. highly recommend
"
"bought this vacuum because consumer reports picked it as one of the 2006 best buys. better than dyson or rainbow. this is our second eureka, but this one is significantly better than the last. the last was a bagless model, and this one uses bags, and as a result it's much easier to clean. bags are quite inexpensive, so it only adds about $10-15 per year (6-9 bags). suction is fantastic. noise is low. it's easy to use. and i will add that we purchased a ""refurbished"" model, but we can identify no defects or differences. looks perfectly new and runs great. so the choice is yours: dyson for $400+ or this one which is better for $99 ??
"
"not fancy. but it does the basic jobs well. minor concern - better at baking than toasting. toasting takes a little too long and is not totally uniform. but for the price this machine can't be beat.
"
"these are the best sheets out there for the money. vibrant reversible color lilac/purple. i was soooooooo very happy with this purchase. do not hesitate to purchase these sheets, you'll be very happy
"
"heats well and quiet. does not blow heat very forcefully but certainly warms sufficiently given enough time using the oscillation function. appears solidly built with good warranty
"
"i bought this glass for my wife (who has a great interest and enjoyment of good wine) as a christmas gift. last night, she tried out the glass with a friend. the reviews from both of them were quite something to watch. the wine from this glass tasted far, far superior to the same wine from an ""ordinary"" red wine glass. in fact, they poured the remaining wine from the ""ordinary"" glass into this glass and shared the glass all evening. there was really no doubt that this glass made the wine drinking experience a totally different, superior one
"
"this product is perfect for keeping pots and pans from scratching our new stainless steel sink. rubber feet are great for protecting the sink as well
"
"these colorful and furry little mice are great for cats that enjoy chasing small toys. they are treated with catnip, but to be honest, i don't think my cat knows the difference. unlike their zanies furry mice counterparts, zanies rainbow mice also rattle, since they have tiny pebbles inside them. a word of caution about this though: the pebbles are encased inside a semi-rigid plastic cartridge (which makes up the body of the mouse). the furry fabric is simply wrapped around this plastic piece and glued. after my cat played with one of the mice, the fabric unglued itself and the plastic was exposed. since there are pebbles inside, unsupervised play might not be very safe. it's best to regularly check the condition of the mice after the cats play with them. other than that, these are great toys and the price/quantity/quality ratio is pretty good. quantity is important here, because, due to their small size, most mice will most likely end up lost behind some piece of furniture. since you get 60 mice in this package, you can just keep replacing the ones that go missing in action. in the long run, it's a lot cheaper than buying them individually
"
"this is a mid-size whisk, not a full-size one. if you understand that you'll be happy with it. it is a simple item, does what it is supposed to, and looks great doing it
"
"we use this to serve ice water at meals. it is so beautiful. it holds a full 2 qts. not much else to say about it. it is a water pitcher after all. it is a pretty piece that just looks great on the table. we have two, one for each end of the table
"
