"my family really enjoyed this rice pudding. i loved the real cinammon stick, it gave the rice a rich flavor. the aroma in the kitchen had everyone looking forward to a real treat. best of all is how simple it was. boil the water, empty package, wait 20 minutes. enjoy!
"
"for flavor, i could give these cookies a ""5"", but the health aspects demand that they only rate a ""4"". all told, they taste great and are the best on the go lunch i have found for hubby (he often eats on the run). the price is right and it keeps him from cruising though the nearest drive though
"
"as a very frugal spender, i had observed this new design of coffee making in the stores and thought the process made sense - so i was ecstatic to receive an email of a promotion one day, i drove many miles to save some bucks and continue to be pleased beyond belief with every new kind of coffee we try. we didn't like the competing cheaper brands but we find douwe egbert's senseo brands consistently delicious. the flavors are subtle enough that we don't feel we're drinking a cup of chemicals. if you like strong coffee, then stick to the 4 oz per pod suggestion. if that seems strong or bitter, we find we can get 2 or 3 more ounces from the pod and be very pleased. for the first time in my 30 year marriage, my husband doesn't make a point of commenting on the delicious coffee everytime we eat out - finally we have predictable great coffee at home. being able to serve guests their choice of tea, flavors, or caffeine and have everyone enjoy the first cup out is a wonderful benefit
"
"green is good, of course. but what's much better than green are these truly awesome cookies. pn os beat the bootie out of any oreo variation -- crunchier, more filling(without being smarmy), much better taste. (and this goes for the mint, the vanilla, and the chocolate.) fast eddie felson -- i love you.
"
"the opportunity to get twinings earl grey in large containers at a very reasonable price was too good to pass up.
"
"these brownies are pure and natural. being all organic there is no chemical flavor that is usually present in boxed brownie mixes. this mix makes a delicious batch of chewy chocolate heaven, you can taste the richness of the real organic ingredients. i urge you to try a box, a chocolate lovers dream
"
"i thought these were amazing. my favorite is the socorro blend. a review said they were soggy, but i'm not sure what they mean. they are very crisp with nice and chewy fruit. despite the fruit, they aren't sweet but the sweet in the fruit really balances out the hotness of the other seasoning. as for the price, these are expensive nuts and high quality ingredients. the flavors are unusual, but perfect. i am defiantly going to order more
"
"makes an excellent cup of coffee with eye opening aroma and better yet profits from this fair-trade company are invested in an orphanage in the community where the beans are grown. so drink a whole pot
"
"we really enjoy the crackers, just did not realize that we would not be able to consume 12 boxes between the end of august, 2006 and the expiration date on the product of november 10, 2006. feel that the 12 boxes would last at least 6 months before expiration when you purchase a case. amazon, needs to let the consumer know what the expiration date is so you can make decision as to whether to purchase a case or not. otherwise they are great crackers
"
"after all the great reviews we didn't think we could go wrong. these are really good but not as satisfying as maybe a protein bar. then again, didn't really expect them to be.
"
"i like flavored coffees but not my husband. that's part of why we got keurig maker. have started trying the different flavors and this is the dessert-y kind of flavor i'm looking for (and my other top favorite so far is green mountain's caramel vanilla cream). been making it on the 8oz mug setting and just fine
"
"these are the best banana chips i've ever had and the dried cherries are a great combination! i would highly recommend this product
"
"i have ordered these twice now, they taste so good! i also tried the chocolate wheat-free ones, they were awful, i would not order them again, but have been waiting several weeks for the grahams to be stocked
"
"this is my favorite cereal ever. since i started eating only organic, i picked this up one day and i love it. i eat it every morning for breakfast
"
"i've tried 15-20 different k-cups and would rate timothy's parisian night (can you say french roast) in the top third. at the 7.25 oz setting it makes a full-bodied, dark brew with a nutty, almost earthy taste. it's very much a european-style blend, and with a dash of half and half makes a passable viennese 'brauner.
"
"i've been making holiday turkeys for over 30 years. this year for the first time i used turkey perfect...and without a doubt this was the best, moistest, most flavorful turkey i've ever done. i told a friend about this product; she called me to rave about her absolutely delicious turkey. even relatives who don't really like turkey went back for seconds...and thirds... for the first time ever we had no turkey leftovers this year
"
"really great irish brown bread, tastes just like the bread in ireland! very easy to make, i make it 3 times a week(my husband is irish!)
"
"i love this mac and cheese. it has all of the comfort food aspects of easy mac (warm and gooey, orange cheese) but without that vague chemical aftertaste. it tastes so cheddar cheesey and is wonderful to keep on hand for those days when there is just no food in the fridge (you don't even need to add milk to this!). my favorite comfort food when i'm sick
"
"great flavor, light and fluffy, and good texture. only down side is that the bread tends to dissolve with to much moisture, and has a tendency to be a little dry but great for sandwiches. unlike other gluten-free breads that tend to be so heavy that they over power anything you put in the middle.
"
"this fox river rice pudding rocks! quick cooking,and you can adjust the consistency,as i prefer it to be fluffy as opposed to creamy.the cinnamon stick is a nice touch...although i would not recommend this product for those of you on a high fiber diet(like myself)to lose weight,as the overall fiber content is low...it is a nice treat that is low in fat and is extremely delicious
"
"i have tried to lose weight for a long, l o n g, time. also for a long, l o n g time, i have seen newpaper advertizements for this tea. it seemed ridiculous to me at first.... i mean, lose weight by drinking tea? this idea had just about as much credibility to me as some of those sauna belts, (which can help you lose weight for a full 24 hours....after which time it comes back again!) well, last year i was getting pretty desperate. i had somehow managed to lose 40 pounds....by drinking only regular tea, instant coffee, and home-made lemonade, and eating only bird's eye vegetables and turkey. (in fact, i have invented the ""turkey diet""! it's very simple: eat turkey, fall asleep (from the tryptophan!).....and if you fall asleep, you can't eat, you see. a variation, i guess, on the ""hollywood diet"", which can be used only on weekends....because most people need to stay awake during the week to go to work!) anyway, this diet worked for me....but it was pretty boring....took most of my free time away, and....turkey is expernsive! i gradually stopped this diet, and gradually got back 20 of those 40 pounds. i looked desperately for another way to lose weight....but drinking tea to do it just didn't logical.... however, no other method presented itself that was as inexpensive as drinking tea....and after all that expensive (but delicious!), turkey, it seemd a good way to go. now, this particular tea itself is quite expensive -- $43 for 4 ounces, (on sale....ouch!)....but the 4 ounces of lose tea would make at least 60 6 ounce cups, (360 ounces...and i'd of course be adding my own water and sweetener)....so i figured, why not? (well...because of the possible bad taste, that's why not. i've tried herbal teas in the past, and -- with the delicious exception of jasmine tea -- thoroughly disliked each one.) but even so, i decided to risk it...i've tasted far worse things than herbal tea, after all.... so, about a year ago, i sent away for it. when the wu-long tea arrived, (in a lovely little transparent green plastic bag, lined with aluminum foil, giving the impression of a crushed green diamond), i made it and drank it. hmmm, (or rather, ""mmmm!"") not bad tasting at all! it tasted like the best black tea...the kind, (other than jasmine), that i like the best. but,,,,as the tea was so expensive, i decided not to drink it too often.... as the owner of a ""healthy refrigerator"", (one loaded with vitamins, which i take only in emergencies, because i can't afford to keep buying them), i now had this ""healthy tea"", which i put in the refrigerator to keep it fresh), to sort of keep the vitamins company! i did throughly read the literature that came with the tea, however....and noticed that many people had praised the medicinal qualities of this tea, along with it's weight-loss abilities. hmmm.... i decided that i had happily gotten more than i bargained for....a weight-loss tea and one which helpoed with other health problems. nice to get such a bargain -- but, at $43 for 4 ounces of lose tea, it was still quite expensive. and so, after that first cup, i restrained myself from drinking it, for quite some time..... actually, i didn't drink another cup until about two weeks ago! i was beginning to feel as if the minor cut i had gotten the week before had somehow let an infection in, (though the cut itself didn't look infected.) anyway, i was beginning to feel very, very, very w....e....a...k..... two years ago, in fact, i was hospitalized with an infection....the very same infection that killed my mother the month before! my mother, in the hospital, had said that she ""felt like a vegetable"", and, having gotten the same infection, i knew how accurate that description really was: i was so weak, then, in fact, i had had trouble raising my arms above my head! and now i felt it was starting to happen again! my first thought was to call 911. but my second thought was, strangely, concentrated on those glowing testimonials i had read from other customers who had used wu-long tea. i figured i'd try to make myself a cup....if the tea didn't work, i could always call 911.... after all, though i felt very weak, i didn't feel totally paralzyed....yet, anyway. but i knew i had to make and drink that tea fast.....before total weakness engulfed me. did i feel up to doing so? yes....i f...took my time, i f...i was very careful, and...i f.. i stayed very near the telephone as i made the tea....just in case.... i managed to make myself the cup of tea....to wait for it to cool down a bit....and to drink it. within an hour, the feeling of weakness had left me! and, as of this writing....taking place a full two weeks later....the weakness, (and presumably the infection), have not come back! (oh, if only i had had the courage to buy this tea ..t w o.. years ago, and give it to my wonderful mother!!!!!!) now, i'm not saying this tea will work miracles for everyone, and in every circumstance. the tea did not transform my looks to those of princess grace, (whom i consider the most beautiful woman of all time), and have not cured me of a very slight case of myasthenia gravis...a neuro-muscular ailment which i have had since the age of four. i doubt very much that it has made me immortal, and i know for a fact that it has not granted me super-powers, or the ability to fly, or to transcend time. (no one has ever accused me of not having a good imagination! : ) however, upon drinking that tea, my feelings of infection, (a feeling of weakness quite different from that of myasthenia gravis), did go away! i don't remember what the other testimonals for this tea were....but i'm sure, now, that at least 98% of them are true! perhaps there is no real ""fountain of youth"". but this tea...which seems to cure many ailments, and most probably helps one lose weight as well, if taken often enough, seems a very close second. ponce de leon would have been happy with it, i'm sure. i don't know if it will help everyone...but i do know it helped me, (and probably the other people who gave testimonials, too.) and that second cup of tea -- even the whole 4 ounces of lose tea -- are certainly less expensive than going to the hospital! for those on a budget, like me, wu-long tea is, it seems, destined to be used as a luxury, and/or in an emergency. but i really feel it belongs in every home.....just like aspirin does. and -- for emergency use...please take the same precautions i did: 1) be sure you do have the energy to actually make and drink the tea, and 2) be near a telephone, so you can call 911, in case the tea doesn't work for you. the tea did work for me, in the above circumstance, anyway. an elixir of life? perhaps and perhaps not, depending on the person and the circumstances. all i know is, that for me, and under the circumstances described above, it certainly seems to have saved mine!
"
"small, no sugar, a bit harsh tasting (might end up better diluted a bit with club soda). this is pretty well true of the four i have tried. but in some ways the harsh tasting is good--the 12 pack can be doled out at one per day per person. does act as herbal medicine? i have no idea. but it's very nice to have a treat that i don't really want to consume all of in one sitting. like, for instance, gummy bears.
"
"this lady grey loose tea is a sensory experience. it is light and citrusy with just the right kick of caffeine. the flower petals are pretty but i cannot taste any difference they might make in the steeped tea. it would make a nice gift for a woman who you don't know very well. all in all it is worth a try
"
"this is a very good value. i use it to put in many asian recipes instead of chicken or vegetable broth. the result is a more authentic asian taste to my recipes
"
"i am a true fan of all things ginger, and this tea is wonderful. very warming and spicy
"
"great flavor and aroma. an excellent choice for an evening coffee break
"
"ever feel like you want that ""little something"" with your tea or coffee, but you abstain because you're on a diet? that was a problem for me, at least. i've been trying to avoid white sugar and white flour in an effort to lose weight. well, just when i'd about given up finding a suitably healthy alternative, along came dr. kracker spelt muesli crackers! they are all natural, contain no white flour or sugar, do have some dried fruit for that right amount of sweetness that makes them satisfying as an accompaniment for coffee or tea! highly recommended
"
"this is a great tea, and very economical when buying bulk from amazon. i'm very happy with it
"
"having to get a mindset and change eating habits due to health issues, has proved to be a challenge, but with so many snacks that can be had that are actually good for you and that taste good, it has been pretty easy. this item for one, we love!!! what they are not: airy, super sweet, empty calories. what they are: please read the nutritonal chart (so i don't have to type it all out,) the sodium level is a good choice for those that have to limit salt intake. calories are not outrageous. they have a slight taste of caramel that comes from the rice syrup/peanut butter. they were not overly gooey. they are a bit more weighty than the 'others', but it's because there is some substance here. we have learned to eat and enjoy our food at a slower pace so one will suffice vs 2-3 of the 'others' we use to scarf down in one sitting.....i give 5 stars as product was in date, tasted fresh, has a good taste, nutrition worthy, packaged conveniently.
"
"this is our favorite cereal. and it's so much cheaper here than at the grocery store. the boxes run out fast, so it's nice to have several and not have to buy it at the store all the time
"
"i don't think that it is possible to get better beef jerky for the price. my wife and two kids also find it to be delicious
"
"i bought a case of these at the same time as i purchased the cheddar fries. these are smaller packages, so you get more in a case. these are white cheddar steak fries where the cheddar fries are thinner and longer. these white cheddar steak fries are white and very cheesey and salty snack, they have unique flavor, and don't taste anything like the cheddar fries at all. i gave it a 4 star cause i prefer the cheddar ones better
"
"about a month ago, i noticed a new product at my local qfc. it was on sale and i actually did a double take and returned to check out the display. it was filled with bags of fancy nut mixes by sahale snacks. i had been trying to wean myself off sweets by substituting nuts and other trail mixes for candy whenever i got the munchies. sahale snack mixes looked like the fancy, upscale ""town mouse"" to my regular, boring ""country mouse"" trail mixes. the one that caught my eye was sing buri with cashew, pineapple, peanut, lemongrass and chinese chili. the ingredients definitely made my mouth water, but the picture on the front is what sold me: a heaping bowl of delicious sweet and savory looking cashews and dried pineapple. the bag was pretty expensive at $5.99 on sale for 5 ounces, but i was definitely hooked at that point and decided to give it a try. i didn't even wait to get home, but opened up the bag in the car and started snacking right away. it was amazing! the more i looked into sahale snacks, the more i liked. on the website, the story is told of the two founders hiking up mt. rainier in washington state, dreaming of something beyond the regular peanut/raisin/mandm combo that was their trail mix. what resulted was a snack mix that was indulgent and healthy. these snack blends are a little pricy, but in my opinion, totally worth it. this would be a wonderful nut mix to offer to friends and guests when entertaining. this is a high brow snack that you or your guests will love.
"
"i just finished up my first bag of this coffee, it's great. i normally buy starbucks breakfast blend, just so you know for comparisons purpose- but i am switching to this brand. it's just the perfect blend for me, smooth but strong enough to wake me up.
"
"valerian and chamomile are blended with spearmint leaves, lemon grass, hawthorn berries and orange blossoms to create a delicious tea to savor late at night before you drift off into dreams. this tea is much more effective than regular sleepytime and i can say this because my sleep cycle has been fairly regular with much fewer nights of tossing and turning. you may also find that your mood the next day is rather mild and you feel more relaxed in general. this could be due to getting a good night's sleep for a change or it could be that the valerian has a lasting effect. valerian is a very effective herb if you can't get to sleep and this tea is highly recommended for insomnia. unlike sleeping pills, you won't feel groggy the next morning. blend in a little lavender or orange blossom honey to enhance this deliciously mild minty tea. ~the rebecca review
"
