"these candies are not your typical kids sour candies...they have exotic flavors and not as tart as the others.
"
"candy with the rice paper, white rabbit is nice but i go to the strawberry white rabbit
"
"i dont know about the slimming effects, but the tea tastes grea
"
"my children really love these little carrots, and they eat them all the time. in fact --true story-- we were at the park one day and i was handing out cookies and my daughter (then 4) turned to me and said, ""ahh, mom, don't you have any carrots"". [i thought the other moms would burst. ;-)] four stars. somewhat pricey but since my children eat them, i don't complain. the ones we get here are sweet. i love that they are organic, since carrots, like celery, can absorb alot of chemicals
"
"better than expected quality - very nice quality and very attractive. quick shipping and response
"
"i used to buy pods at starbucks, but i started longing for something a little more authentic. luckily, my fiancee bought me the podmerchant megasampler as a christmas present. i was overwhelmed! i never knew there were so many different kinds of espresso pods available, especially from one store. the selection in this sampler is huge, and it includes both caffeinated and decaf pods. (there is also the super sampler but it doesn't include decaf, which is nice sometimes in the evening). after trying these pods we found which espressos we liked best and have been buying those, but it all started with the mega sampler. the shipping was also very fast. if you're looking to expand your coffee horizons and have an espresso pod machine, you'll almost certainly find some new favorites in here
"
"it's interesting when you find out that tapioca pearls are actually those little bubbly round things you find in pudding. they are really good. this is a great product. i recommend it
"
"these california grapes are mighty tasty. i eat all the ten grapes. it's good for making wine. it's cheap in the grocery stores cause their on sale
"
"this stuff is great! healthier and tastier than any other pasta that i've tried, (except for my mother in laws homemade)
"
"i used to buy this tea when i was a kid, and could no longer get it. found it at amazon, and it couldn't have been easier to get. this is wonderful, aromatic tea that makes the whole house smell great when you brew it, and it's so delicious - falls in the category of ""comfort food""
"
"great service quick shipping, if you order through the companies web site you will save $10.0
"
"i bought this tea from a dot-head store. i'm usually a decaf coffee drinker, but when ill i make this. i usually put a spoon full in a huge plastic cup (like mcdonalds large) with bottled water and heat for 4 minutes in microwave, remove, stir, and strain into large coffee mug. i always have too damn much tea leaves left in cup, but i like it strong. it'd be nice if there were instructions on how much to use. btw, is this stuff decaffeinated
"
"you can't get these anywhere in this town, but amazon has saved the day! there were plenty of leaves and they were very tasty in the tom ka soup we made and various other dishes. good and fresh
"
"every single item, especially produce, that comes from gristedes, is top notch. if i need a particular fruit or vegetable for a special occasion, i know i can rely on them to provide the highest quality and best tasting fruits and veggies. i was in hospital recently when a big order arrived and our grown children sat around and ate everything with dad. they just couldn't believe how good it was, they said. never tasted any red grapes that good. it's that way with everything. i've read some negative reviews of gristedes. i don't know what happens to cause things to go south. i can only say i would order my produce every week from them if i made the time to do it. and it's not that expensive, because we're on a fixed income. just treat yourself to something special. you won't regret it
"
"yes the coffee is the best quality, pesticide free. there are technical issues with the pods. 1 pod was broken when i opened up the pouch it was stored in. for any pods to arrive broken when they are so expensive is just not acceptable. also, many times the pod is not working, but turning it around and pressing down on it with a fork or a spoon makes it work (i have black and decker home cafe machine). great coffee, but i felt that i had to really work for it. i also feel that to charage $15 to ship a box of coffee pods is a bit excessive, considering that they are being shiped from la not hi
"
"***** tazo's china green tips green tea is a slightly stronger green tea than tazo's zen, and i liked that it doesn't contain tazo's omnipresent ""natural flavors"" that almost all of their other teas contain, which to me is not an advantage. i like a natural, real taste with real ingredients sans vague ""natural flavors"" and sans flavorings, sans essences, etc. china green tips delivers this in a cleaner, purer way than tazo's other teas. i liked this green tea! the ingredients in china green tips are simply spring-harvested green teas from china. it contains caffeine. note that this review is for the loose tea leaves (in other words, no tea bags!). tazo is an interesting company that makes only super premium teas. they are socially responsible, based in portland, and have the motto, ""the reincarnation of tea"". tazo is owned by starbucks. their web site is fun and quirky, with a zen-type focus, definitely worth checking out. it is unclear, though, from their web site, how many of their ingredients are organic or kosher, and they do use some ""natural flavors"" in their teas--this wording seems a little vague and unnecessary for a super premium tea. china green tips has none of these ""natural flavors"" and it shows in the quality and cleanliness of the tea experience. on the accompanying information with the product, tazo writes, ""a traditional chinese green tea with a delicate fresh taste and a light green liquor."" this is the perfect way to describe this tea! on their web site, tazo describes the flavor profile of china green tips as ""grassy, vegetative, sweet, ricey"". tazo describes the aroma as ""vegetative, popcorn"". i would rate this tea, and tazo in general, as very good---better than premium teas like stash or celestial seasonings---but not as good as numi or aspen. still, this tea is excellent, so i'm breaking my tradition with tazo teas and giving it five stars. if you enjoy super premium teas, and are stuck with tazo for some reason, choose china green tips and you will be quite satisfied. i can't honestly say that about any other tazo tea. ****
"
"i thought the steaks were really good. they were tender and delicious. they were a little small for my boyfriend and cooked up fast. i thought they were the perfect size for myself. delivery was fast
"
"regular godiva pieces are great, but they're still chocolate. i actually dislike some regular godiva pieces (truffles are too sweet and caramels are similar to see's caramels). but the g collection is fantstic. the presentation is stunning, from the packaging to the airbrushed pieces. and the taste is incredible. the original flavors gave me pause (peanut butter and jelly?) but they work so, so well and taste better than any chocolate i've ever had. each piece averages to $3, but every piece is way better than $3 of candy bars or ice cream. most pieces are better than $12 desserts from 5-star restaurants. so while the price seems extreme, once you taste a piece you will understand that it so worth it. a perfect gift for a discerning chocolate lover and for yourself
"
"this flavor of hot cocoa is my favorite. we love this cocoa! it is incredibly delicious
"
"try them, you'll like them. yes, it's that simple. :) these taste slightly different than most gummis, but in a good way
"
"i am a mom of four, who tries to balance a limited grocery budget with the healthiest food that my family can eat. i keep making more and more changes as i gather more information and products like this become so readily available. anyway, i have been concerned about food dyes lately but still wanted my kids to be able to have some kind of a candy treat. i thought i would give these a try. i just got them yesterday. i haven't given any to the kids yet (i am saving them for christmas), but i also didn't want to wait until then and find out from the kids that they were horrible. so, i performed my own taste test of three of the flavors, and i found them to be delicious. i know the kids will love them!
"
"i add this stuff to my protein shakes, and it doesn't ruin the taste as long as you keep the mix in proportion
"
"teas vary greatly in quality and the price reflects that. this is a moderately price matcha tea so don't except the best flavor. it is nutritious so it may be better as a flavor additive to drinks, desserts, broth, etc. real matcha can also be bitter and an acquired taste. japanese often drink it with tiny sugar candies to offset the bitterness. matcha also contains a lot of antioxidants so it may be helpful to some to stat incorporating it into their diet. if you don't like the taste an easy drink is to mix it with orange juice
"
"i gave g collection to my wife. it's perfect valentine present for her! most of chocolates are fruit-based but very unique and fresh. i'm not a big fan of chocolate but this one is amazing
"
"i ordered this product because i had difficulty finding it in the grocery stores. i will definitely order from this company again
"
"i've tried quite a few of the tasty bite products and this one is the best! what i do with this is mix it with rice. one pouch will typically give me 2 meals...putting in the fridge the other half for later that day or next day.
"
"can't beat it! this was made world famous in pike place market and is now available on the internet
"
"first off, the company sent me a handwritten thank you note. when do you see that in the age of computer print outs. i thought it was an extra touch as far as customer service. i will be returning to this company again. the flavor is omg. my best friend is hawaii so i often use the red hawaiian salt, this beats its. it has a subtle but great flavor. i will buy again
"
"but the previous reviewer doesn't know that with his ""jittery"" comments. he loves looking at what he writes on products he knows nothing about and doesn't even try. never helpful but allways full of himself, and all that for your pleasure! all for the price of nothing.... and thats what its worth
"
"this is a great gift for that person in your family who still thinks fart jokes are funny or for ten year olds. only one problem. due to inconsistant sizes of jelly beans, the poor raindeer had a...dispensing problem on occaission which requires one to rip off the reindeer's head (thank goodness it's on a hinge) to alleviate the problem, this could be traumatic to the more sensitive.. merry christmas!!
"
"i like this because it tastes like drinking green iced tea. it has a great taste and is not super sweet. i find it refreshing and cleansing of the palate. unlike the other person i am not addicted, but am satisfied with one piece and that is what is great about so many asian candies. if you like green tea i think you will like these. i drink unsweatened tea all the time and this was like drinking it. nice refreshing candy. individually wrapped like many japanese candies and that makes it easy to eat over time
"
"some of the illustrated jars were described as ""branston"" while others were called ""crosse and blackwell"". the prices were slightly different but there was no way to tell the illustrated products apart since all the jars carried the label ""crosse and blackwell"" and size was not given for all
"
"this green tea has a very smooth mellow taste. i have tried different green teas and this is the best i have every tasted. i have been ordering this product for a couple of years now. if you love a good green tea, this is the one
"
"if you like it hot then this is for you. warning: only gods can handle this substance. for you lesser beings, just add it to recipes :)
"
"rooibos is afrikaans for ""red bush."" grown in south africa's cederburg mountains and harvested during the summer, this tea acquires its unique red color as a result of fermentation (in mounds) and oxidization, when it is spread out to dry in the sunlight; naturally it is green. rooibos is known for its health benefits stemming from its rich content in vitamins, antioxidants, flavanoids and minerals (inter alia, magnesium, calcium, iron, copper, zinc, potassium, fluoride, manganese and alpha-hydroxy) and has a long tradition of medicinal use among the local native population; among other things, it is known to help cure asthma, hay fever and other allergies, acne, eczema, colics, indigestion, insomnia, and nervous tension. containing very few tannins and no caffeine, rooibos has a distinctive aroma and amber color. this tea blends well with various spices and condiments; my favorite mixture is a delicious loose leaf blend sold by my local tea store, which features orange peel, cinnamon, grated coconut, finely minced chili and red pepper. for a more commercial alternative, though, tazo's red bush tea is a great choice as well: a rich, exquisite blend of rooibos, hibiscus, orange peel, rosemary, several lemon ingredients (lemon myrtle, verbena and balm), as well as a number of sweet spices. enjoy
"
