"i have been a long time subscriber to vogue knitting, it was one of the few us knitting magazines that had really fashionable knitting patterns. i am from germany, where there are lots of knitting magazines with really chic patterns, i missed that when i moved to the us. however, i find that the content in vogue knitting really fluctuated - sometimes it was packed with great designs, sometimes, it was just too far out and there wasn't a single pattern i wanted to knit. i stopped my subscription for a while. then the editor changed and now the magazine is somewhere in the middle - not too funky, yet still chic and fun. i still enjoy reading it every once in a while. after having my daughter, i changed my subscription to family circle easy knitting, since vogue knitting does not carry any patterns for babies or kids, which i really find a shame. i even wrote a letter to the editor saying that this was a major omission. especially because it is very hard to find chic and elegant kids knits in magazines - not those acrylic yarn patterns with bears on them! the german magazines do a great job of having some unique, but still fun kids designs. if you want a very trendy knitting magazine that uses a whole range of yarns (some very expensive), then vogue knitting is the magazine for you. if you are looking for elegant knits that are more functional, but still challenging, i would suggest interweave knits and rebecca (english version of a german magazine), both carry some really interesting and challenging patterns. if you have kids, there isn't much out there, i would suggest family circle easy knitting, also rebecca does a kids issue once a year, which should not be missed
"
"i have been reading this magazine and love it. perfect for those of us who decorate in the shabby,cottage, romantic or new cottage style. there has recently been a change in editors or something like that and i see quite a difference in the magazine lately. not too happy about it. it used to have great decorating ideas for the average person. now their showing us castles etc. and pages of retailers with yarn shops,not to mention all the gardens. pages wasted as far as i am concerned. a little was fine but pages and pages. i don't know if i will continue to buy, probably give it another month or 2 to see. worth checking out to see if it is for you.
"
"i just received my first order, and i love it! this magazine covers a broad range of topics and includes designer techniques, current trends, period styles and so much more. it has tons of vibrant pictures to illustrate the articles. i think this magazine would be ideal for someone just starting out in design to gain a basic understanding on a wide range of topics, and also for the experienced designer to keep up with current trends and fill in the gaps with knowledgeable tidbits
"
"a must read!! this magazine gives you the most up to date information on the powerlifting circuit. gives great lifting and fitness tips to boot!!! this magazine should have main stream publication and distribution
"
"video game magazines have been all the rage in our lives. yet there are just so many of them that tell different stories for different video game systems. that has been the case with one of the biggest-selling ones of all time, gamepro. they truly have made it one the most provocative and well in-depth magazines with detail about what games are popular according to their writers, and what upcoming games and systems are all in the works. the magazine is quite well, but i honestly do wish they could try to publish more in the way of codes and helpful hints for several games for gamecube and game boy advance, when most of it primarily focuses in on playstation 2 and xbox. yet, gamepro really handles itself as a very deep gamer's magazine. anybody who wants to be enjoy the field of video games, this magazine is worth reading. overall: b 1/2
"
"harper's, like the atlantic and the new yorker is written for those looking for more in-depth analysis and coverage on political and cultural affairs with a sampling of serious literary prose. personally i prefer the atlantic, which i read regularly, only picking up harper's when i have time and something in it interests me, which is usually two or three times a year. just looking at the cover and pages inside convey harper's as a serious tome, perhaps too serious for the casual reader, especially compared to the more colorful pages of the atlantic and playful new yorker cartoons. nevertheless, harper's is an american icon in it's genre having published many articles from great names since it's inception in 1850. a number of reviewers complain about it being left leaning and that stance clearly sprouts from the now recently departed editor lewis lapham, who has been an outspoken critic of the current administration. mr. lapham shares his views in a two page opinion piece and in the full page listing of various ""fun facts"" known as the harper's index. serious readers will be able to get beyond this as simply a ""viewpoint"" and see the entire magazine for the serious writing that it is. i would contend this represents the best in ""critical analysis"" rather than bias. i would also simply suggest you view the other reviews made by people espousing this periodical as overly biased. for instance, at least one of those claiming liberal bias here is also praising an ann coulter book. so if you feel underwhelmed by the typical content you get even in a 60 minute broadcast or a political round table free-for-all and you're interested enough in this magazine to read it's reviews, you should probably pick up a copy of it for two or three months and give it a try. i recommend you also check out the new yorker and the atlantic to compare
"
"*fashion tips for girls of all sizes and styles (preppy, sporty, punk, etc.) *make-up tips *stories about girls experiences with abuse, guy trouble, etc
"
"i purchased national geographic kids, your big bad yard, animal baby and ranger rick for a family of four children. they fight over each issue and now want renewals. how much better is this than a $20 toy for them, their parents and me? how does it feel to have a child remind me in july that he loves his christmas gift? immeasurable. there is no down side
"
"i love travel mags, and this one is like the magazine adventure, but adds more of a tourist bent without losing the original edginess that is adventure writing
"
"i have looked at many photography magazines - many of them are just filled with ads....not what an amateur is looking for. i wanted indepth articles, helpful tips and information to help me improve my craft. i found it here. i read every issue cover to cover and back again. i find helpful information in every issue. i highly recommend this magazine - even if you aren't purely an andquot;outdoorandquot; photographer
"
"when weird tales was revived around 1988, i was sorely disappointed in the direction the editorial staff had taken. it was too ""progressive"" and not enough like the old wt so many of us afficionados knew and loved. lin carter had a great thing going for the four paperback issues he came out with under the zebra imprint in the early 1980's. unfortunately, he was not allowed to continue. his idea was to keep the flavor of the old weird tales alive, and he did it very well. then several years later along comes the the schweitzer/scithers/betancourt wt, and my goodness it was sad to see the aura gone. gradually, though, wt has seemed to come along and put itself somewhat more in the direction of the ""old-fashioned"" 'zine it was in its heyday (1920's-1930's), although the editor darrell schweitzer would probably disagree with this observation. anyway, wt sports great covers now, good stories, and good book reviews, and interesting editorials. i must say i miss s.t. joshi's always very entertaining book reviews, but we can't have everything. scott connors' forthcoming reviews will surely entertain, as do douglas winter's. all fantasy lovers should buy this magazine to support the cause of fantastic literature, especially the dark fantastic; there are so few outlets of this kind now that whispers and weirdbook, not to mention the long gone forgotten fantasy, are no longer published. good job, mr. schweitzer, whether you realize it or not, your magazine has become a more cozy, old-style, aesthetically pleasing magazine, more in the true tradition of the original weird tales, thanks in no small part to the wonderful covers that have graced it in the last 13 or 14 years
"
"people is a great magazine! it has all the gossip without the drama of some of the other magazines. i got my first issue faster than expected! i ordered sept. 22nd and have been reading for 3 or 4 weeks already! :) if you are looking for a weekly mag - this is the one to pick!
"
"""the wall street journal"" is nothing less than america's true newspaper of record, a window on the world of business, finance, international affairs, and all the delicious little nuggets of news that would otherwise slip through the cracks. i am a media carnivore: i am news-addicted. i get my news in hourly, massive slabs: from cnbc, from cnn, from the internet---and best of all, in the brain-shatteringly early hours of the morning in the form of my daily wall street journal (kudos goes, as well, to my unfailingly faithful early-rising journal deliveryman). with that high praise i also must dispatch a warning to the curious: if you subscribe to the journal---and if you want to be informed and ahead of the game, then you must!---you'll discover, possibly for the first time, intense agonies of guilt. the journal is, every single day, chock full of so many juicy, delicious, insanely informative, amazingly well-written, positively balanced nuggets of journalism on finance, politics, economics, technology, market trends, literary explosions---so much, in fact, that it's an embarrassment of riches. if you're busy---and who isn't?---then you simply won't have time to read everything. like caesar's roman gaul, the wall street journal is also divided into three parts: the front page, marketplace, and money and investing. page one is my beachhead in the morning: i scan the middle two columns for the financial and geopolitical earth movers---and if i have the time, i can dig into the paper for all the gory details. the news here is uniformly objective: opinion is cut out, the wounds cauterized, and the unbiased opinion itself served up piping hot on the journal's editorial page. marketplace deals with macro and micro business trends, and is always engagingly written. sometimes the supplement ""personal journal"" accompies the fleet out; more often than not, there's another tasty little section dealing with mutual funds, technology trends, industry strategies, and quite a bit more. it's a veritable treasure-house of knowledge, and since gordon gekko was right---the most valuable commodity in the world is information---the wall street journal serves as purveyor of that most critical, that most precious commodity. and, i might add, serves it up with spice, brains, guts and panache. oh, and money and investing is a fly-by of all the major financial trends of the day: manda, economics, currency, commodities, oil making investors shake and quake, big stock movers. all good stuff. finally---and i'm biased, be warned---the editorial page is the best on the planet, and i always scour it at lunch---always. if you want to be informed---if you want to be light years ahead of your arch-rival, that nasty vp of finance hastings down the hall, which naturally you do---you should at the very least read the editorial page. it is incisive, delicious, never boring, brimming with opinion and intelligence. yum. the journal is with me in the nosebleed hours of the early morning, right beside my boiled eggs and toast and steaming cup(s) of coffee. and it's with me in the evening, when i actually get to dip into it, at leisure, with my cigar and scotch. so subscribe to it, i say: the wall street journal is an important, glorious, massively influential american institution. it's your window on the world of affairs. it's what the movers and shakers of the british empire might have read had the empire survived into the 21st century: and yes, you have the news of the world, at your fingertips, hauled back from the journal's far-flung outposts across the globe: from hong kong, london, kuala lumphur. sincere kudos to the journal's officer corps: karen elliott house, the publisher; paul steiger, managing editor; and paul gigot, editorial page editor---and the brilliant, dedicated, blindingly talented team of reporters that work with them. bravo! for a decade now, not a morning has dawned without my journal: it is my polestar and compass. it makes me richer, which makes me happier. it is a tasty read. stop gawking and subscribe.
"
"i'd been a long-time fan to vibe since they been out. i 'member i first lay eyes on em by checking the covers on 'em but not reading by 'em. y'know. they such knockouts. yeah they definitely keepin' it real no matter what. i believe they'll be around more and more since them magazines u read all the time like essence, ebony and jet. i still have love for them also. but to say vibe doesn't suck. i'd never been a subscriber since last year and i definitely enjoy it to this day. i actually read the xxl and source magazine most often now. same w/ upscale, campus life, just to name others. i luv they magazine to death man, knahmsayin. ya'll keep it rocked y'heard. nobody's bringin' the hype on ya fellaz. keep it up!!
"
"i know it takes eight weeks and maybe longer but i do appreciate the information that i've gained from store bought ""maximum pc"" magazines. i don't build computers but when i do order one, it is nice to be familier with the workings and attributes of the new computer. yes... you can find much information on-line and generally faster than the amount of time it takes for the magazine to reach your mailbox, however, is great to kick back away from the computer in your favorite chair and 'read' about it :) a very good magazine... but 'adult' language used at times does not appear to me as professional use of the english language. thus the 4 rather than five stars
"
"yes, ew has changed over the years, but i believe it's as relevent now as it's ever been. the articles are interesting and the reviews usually right on the mark. i read it cover to cover.
"
"so often when looking through magazines i haven't found quite what i was looking for in the christian literature. i like the approach christianity today takes. it has articles that are broad, and not focused on a specific demonination. i believe the magazine has a slight evangelical bent to it. i do like the variety of articles, and coverage of current events. i would recommend this magazine for those who want to become a little more informed of christianity in the modern world
"
"this is the third time i have purchased handyman magazine for family members as gifts. this time, i misunderstood how to gift the item. unfortunately, i did not have a second chance to send the magazine to a family member as a christmas gift. after calling, the only recourse i was given was to to refuse the magazine when it comes (because it is coming to me instead of my son in atlanta), call and cancel the order and reorder. unfortunately, doing this, it will not reach my son in time for christmas. i would like to see something built into the system that gives a second chance to bill me, but send as a gift
"
"though i oftentimes disagree with some of the articles written by the new republic, i cannot help but keep coming back to this magazine when trying to gain better insight into current affairs. if for anything else , the quality of the writing in this magazine is amazing and its reporters obviously conduct painstaking research in writing every nuianced article. the group that writes for tnr are obviously some of the best journalistic writers around and its critique on intellecual matters and popular culture are itself enough reason to purchase a subscription to this magazine (if you don't like its politics). all in all , this is a fine magazine
"
"this is what i use when i want to knit something for myself. the patterns are hip and young and they always feature the latest greatest designers. this is also much more about fashion than any other knitting magazine out there- lots of runway pictures and rail-thin models posing knitwear in exotic locations. i find that each issue has a good mix of projects of varying skill levels. i have knitted several and i'm happy with the instructions and i've never run across any major pattern mistakes. i find that the exact yarns, however, can be hard to find. they usually give you enough information about the yarn and desired effect so that you can easily substitute. while i'm careful not to pick patterns that won't be embarrasing to wear next year, they do have a lot of hyper-trendy patterns. it would be a pity to waste all that time and money on something that would be decidedly ""out"" by the time you finsih it.
"
"american heritage is a fine magazine brought to us by the same publishers who bring us forbes magazine. it is a magazine that examines history in all shapes and forms, examining past events and cultural changes that have shaped the american nation. one thing about this magazine that you will notice right away is that it is not just a magazine about american political history or the type of history that you remember from your school days. it does talk about this type of history, but it also includes stories about music, art, and other topics, breaking them apart and explaining how and why things happened the way they did and how they compare to the present. it also points out facts from the past that are more obscure, making for some very stimulating reading. current events are also covered in this magazine, and in these instances, american heritage discusses present- day phenomena from an intellectual and critical standpoint, often comparing it to similar events in the american past. this helps to keep the magazine current and more in- tune with important issues of the day. history buffs will love this magazine, and so will those of an intellectual persuasion. the articles here are more thoughtful than other magazines and many of them require greater concentration. for these reasons, american heritage is not really a casual reading type of publication. it is intended for those who like to read, think, discuss, and debate. it's one of my favorite magazines of its kind on the market today.
"
"i was in the travel industry for years, and found cn to be an excellent, albeit brief source of continually updated information on destinations, and all other aspects of travel, whether upscale or backpack. yes, it is not encyclopaedic, and yes it is chock full of adverts. however, the latter brings the cost of publication, no doubt, and the former allows cn to cover a wide array of topics in each issue. their travel product ratings are next to none, and shortlists the selection process, allowing the consumer to make more intelligent and cost conscious purchasing decisions
"
"i love instyle. i can easily spend an entire afternoon with each and every issue of instyle. it is packed with the latest fashion trends and classic, timeless fashion. it shows what is hot, how to put outfits together, who wears what, and it doesn't try to dabble in other areas. it sticks to fashion and i like that. that is why i subscribe to it and probably always will. the best out there. much better than elle and likely even better than vogue. i love it
"
"i read the review marci carl about the jennifer chiaverini books the quilter'ed apprentice. i am as totally hooked on these books and have them all now as i am your magazine. then i had to go get on the computor and found jennifer's site. now i want to get back into quilting big time. my husband just rolls his eyes.
"
"still talking about the 'asian thing'? - get a grip!! this is the best magazine on the market. period. it speaks to you in an honest matter and the info is top rated. there just is no better men's magazine without a nude centerfold.
"
"came right away and in a timely fashion every two weeks! great product for a wonderful price! loved it
"
"yes, i know it's weird that i like reading maxim. but maxim has inspired me of doing my job. i'm glad that amazon sell its subscription. it's fantastic. my husband loves it too. it's not just the sexy hot women covers, but also what's inside. informative, complete, and relevant
"
"i ordered back issues of this magazine from an ebay dealer in the uk after the spring 2006 issue came out and i am sold not just on burda plus but on berlin fashion designers as well- the women, anyway, make lovely, flowing but not ""girly"" clothes that are very wearable - think eileen fisher or flax but with darker, richer colors, fibers and textures, slightly more ""fit"" and more interesting shapes in a wider variety -- not just the same few repeated again and again. clothes for the decades, not the season -- and the patterns are here! at least some of them, from designers like evelyn brandt, doris strietch (and another berliner (female) whose name escapes me at the moment, but whose clothes i deeply admire.) the fit is better than most american pattern companies - especially pants. if you make one garment from each issue the subscription has more than paid for itself. good info on sizing patterns up or down in the back issues i recently received - keeping the proportions if using a ""petite"" or a ""tall"" pattern if you are neither. pattern directions themselves can be less than enlightening, though - perhaps ""non-fluent"" would be the best description of their translation. and the breathless tone (lots of exclamation points!!!!) of the editorial content seems a bit much for such ""smart"" clothes, but we're not buying this for the elegancce of the writing! another reviewer complained of delivery delay. this is only published in january and july. if you missed subscribing in time for the last issue and the print run is gone, you have to wait until the next one pubs. and the print runs do sell out. as i can attest
"
"i subscribed to this magazine at the same time as the conte nast traveler, and i'm going to keep this subscription and let the other one expire. this magazine has articles about places not about (as one other reviewer wrote) articles about martinis, fashion etc. it also has a lot less advertisements and when there are ads they are relevant more to travelers. it probably all boils down to what kind of travel you prefer to do and read about but for me this magazine is my preferred one
"
"well i echo what all the other reviews have said about this magazine. subscibing to this magazine is making sure that unbiased articles can still exist for all makes and models of sports cars. you see there are extremely few ads in this magazine and so even though the mag is a bit smaller than say a car and driver magazine it is loaded front to back with reviews. one after another. the photography is fantastic and just looking at the pictures makes you wonder what some of the other mainstream magazines could be like if they could just try to put out a better quality product. even the cardstock of the paper is first rate. it makes the car and driver mag feel so cheap in comparison. both come to my address and i honestly can say that i look forward to both but for different reasons. i first stumbled upon this magazine at an airport 6 years ago and i am so glad that i did. i would love to see more articles with affordable sports car alternatives as they print at the end of each issue. i remember an article about what used sports cars you could buy with certain dollar amounts and this was to me (a man on a budget) a rather nice look at the market as a whole that year. also we are not all 16 year olds out there subscirbing to this magazine so it would be nice to see road tests on at least one moderatly priced non exotic each issue. thank you for putting together such a high quality magazine for your readers to enjoy.
"
"i received my first magazine, it isn't glossy or flashy, but is full of in-depth info, which is exactly what i wanted. not very thick for the money, but i'm still satisfied due to the quality of the content.
"
"esquire may be a man's magazine, but i enjoy the articles as a woman, because it is no holes barred feedback with the rough edges included. i got my first issue a couple weeks back, and found it funny, informative, great pic of tom petty, and i'm looking forward to more issues
"
"this was a very good price for a very good magazine. i saved $3 - $5 over the normal subscription rate
"
"this is one of my favorite magazines, and the only magazine subscription i've ever given as a gift. my list of recipients should tell you a lot about for whom this magazine is appropriate. i've gifted the floss to my 73-year-old retired grandma, my 23-year-old writer sister, my 40-year-old trivia buff co-worker, and my 15-year-old high school sophomore cousin. you might call me lazy for using one gift to knock off a good portion of my christmas list, and you're probably right. but there's something in mental floss for everybody. i pick up a half-dozen conversational nuggets each month. i probably subscribe to 10 mags, and i'd say this is the one i actually read every month. great stuff. my highest recommendation.
"
"my husband and i both love to cook, and some of our new favorites come from this magazine. the reviews are informative, the recipes taste great (and are not overly complicated), and the basic cooking suggestions are helpful. the magazine likes to pick a theme for the month (or several) which has a couple of benefits. 1. you can cook a meal right from one issue and it all tastes great together and 2. you have several options for one basic idea. for example one month there was a whole article on rice pilaff which starting with the basics (so you could modify the basic recipe your own way) and then gave several variations. best i have found out there so far
"
