"to tell you the truth, i have tried everything on my hair to take away the frizz. nothing really worked at all...but biosilk is a miracle! the first time i tried it, i noticed a major difference in my hair. just add a little bit to your hair, and it will immediately smooth it out, adding shine and softness. it will also not weigh your hair down or make it too greasy..just don't use that much of it. i mostly use this with my flat-iron, and i get amazing results. i happen to like the smell of it...it reminds me of being in a salon! try the shampoo and conditioner as well
"
"clinique's bare brilliance is one of my absolute favorite lipsticks ever! it has a fairly sheer finish with lovely little sparkles in it. i have berrylicious(sheer grape) and cherry quartz(sheer, true red--doesn't look like it does on the color swatch) and neither overwhelms my pale skin. i wouldn't be caught dead without a bare brilliance lipstick in my makeup bag or purse!
"
"i have been looking for this eyeliner for years! ever since they stopped carrying it at rite-aid i have been on a quest to find the perfect waterproof eyeliner to replace the 2.99 lord and berry one. i even tried expensive brands like mac and clinique with no such luck. this eyeliner is great for women who like to line their inner eye, it goes on smooth and dark and stays put until you wash it off
"
"i've been a fan of this product for a couple of years, since i have very long, wavy hair. it moisturizes really well and i use it every ten days or so. it smells like a weird salad dressing when you put it on, kind of vinegary and spicy, but when you wash it out the scent is toned down a bit. it still smells unusual (spicy and vaguely nutty), but not unpleasant. i warm a good handful of this in the microwave, put it on my dry hair and tie it in a bun, wait 20 minutes, then shampoo it out using a liquid shampoo and condition with a light conditioner, like coolaulin or a small amount of american cream. if you have short hair you probably won't need this deep of a treatment, but for those of us with a lot of hair, or who have damaged or very thick hair, it is great. it makes my hair shiny and tangle-free again. it doesn't have any of the silicones that commercial conditioners have, so if you are looking for that slick feeling you get from pantene you won't find it here. but the ingredients in this don't build up in your hair the way silicones do, so for those of us who are making a conscious choice to avoid silicone buildup in our hair, this is a great deep conditioner
"
"this is alittle ""heavier"" than usual summer skin products, ie light, and non greasy, but when you are maintaining your tan and or recovering from skin peeling, this cream is rich and works great! the ingredients are rich and they really make the skin feel smooth.
"
"the gel has a slight tingling sensation but it doesn't itch or burn and after using it for a few times the tingling stopped. i love this stuff!!! give it a chance it works great
"
"i am obviously addicted to philosophy, but it's a good addiction. my skin looks great, better than it ever has in my life! whenever i feel like doing something for myself, i try a new philosophy product, because it's sure to give me a lift. this product is called a ""microdelivery peel"", but i view (and use) it more as a toner. philosophy's two-part microdelivery peel is awesome, and i would not attempt to replace it with these pads. with the two part peel, you clean your face with purity made simple cleanser, then massage in the abrasive crystals. after a few minutes, you squeeze out a little of the liquid, which mixes with the crystals on your face and heats up, infusing your skin with vitamin c and other healthy goodies. that is a real peel! these little pads, on the other hand, are cool, refreshing, and subtle. you can use them every day, and they won't make your skin red. they freshen your skin, and you know they contain great things that will help your skin, because they are made by philosophy
"
"i took this supplement for 6 months and i noticed a dramatic change in hair appearance, length, and my nails!! i would like to keep taking it, but i can't afford it for a while, which i am really bummed out about it. i definitely recommend this product. it also has a huge celebrity following and now i know why
"
"this is truly one of the best hand and nail creams out there. it is quickly absorbed and not at all greasy - i put some on before i walk out the door in the morning and again before bedtime and it has made a real difference in the softness of my hands and the health of my cuticles. hangnails have always been a problem for me but this product keeps them under control as long as i apply it regularly. love it!
"
"i just bought this the other day having owned the regular sized kabuki brush. i find i like the baby buki better, it still gives great coverage just in a more compact size which i love
"
"ive never liked spicy or musky scents, but im in love with burberry brit. its got a great musky overtone but its not too heavy like most fragrances like it. the scent sticks around all day which is also a plus. i've a;ways used light scents like romance by ralph lauren and ck one but burberry brit is easily my new favourite...im actually here to buy my second bottle..
"
"i purchased this product based on the reviews, and i can't begin to tell you how glad i am to have the hair honey. it is wonderful!! it leaves my hair looking absolutely healthy and bouncy. the smell was overwhelming at first but the benefits of what the product does for your hair are far greater. i will be using this for a long time to come
"
"i really enjoyed that this powder let your face looking clean and matte finished instead for shine with glitter like some other bronzers do
"
"what i like most about these vitamins is that they are very small and easy to swallow, unlike a lot of other hair and nail vitamins which are huge. i am not sure if i notice a difference in the condition of my hair but i will continue to purchase and use the vitamins nevertheless
"
"i have very sensitive skin and this product does not irritate by the end of the as other products have. also my coloring is very fair, red hair and blue eyes, even with brown/black mascara i always looked a little off-matched. the brown in this line is a beautiful color and looks more natural than any i have ever used. the ease of removal is the icing on the cake
"
"i am a bonafide lush junkie, and this stuff is what makes me so. smells great, works wonders, and for $22 dollars of high end shampoo, you couldn't get a better deal. this stuff will last me 4 months at least
"
"i just love this product i felt like i was sitting on top of a cloud. i definately am going to by this again
"
"i bought this but the perfume side was a clear color not purple colored and there is no color in the lip gloss it's ust glittery but i love i
"
"i have thick, coarse, african-american hair that is relaxed (permed straight). i usually use this product on wet hair (after a shampoo)when blow-drying my hair straight. it makes it really smooth and shiny. i have received a lot of compliments on my hair since i have started using it. in warm temperatures it does melt down but in my opinion it makes it easier to use. when it is a solid you are supposed to rub it in the palm of your hands to liquify it and then put it in your hair. it does have a smokey scent to it but no one pays attention to that...they are looking at how great my hair is. i love ojon's conditioner (it is the very best i have ever used)but the shampoo in my opinion seems to dry my hair.
"
"i *love* this formula for my thick, naturally curly, slightly hilighted hair. it does a great job cleaning without stripping, and this is the first conditioner that did a good job tackling my naturally curly hair without weighing it down. i did get a good deal at my salon - $9 for the shampoo and a little more for the conditioner
"
"i love this product. it has healed my brittle hair after being bleached one too many times. i use it every day and it not only heals and conditions my hair but it holds my style in place. as some people mentioned, it can make your hair greasy. you have to make sure to massage it into your hair and only use a little.
"
"expensive, but a small amount makes a big difference. excellent conditioner for dry, thick hair. also, very pleasing fragrance. the best hair treatment i've found for my straight, coarse, dry hair. highly recommended
"
"i like that the gloss isn't goopy or sticky, and that it provides a sheer wash of color that seems to stay put for a while, but you don't get much product. i bought flare and love the color and the way it somewhat stains your lips with a light wash of color, so even when the gloss wears off you still have some color on your lips. i wasn't really thrilled with the small amount of gloss you actually get in the pen. but overall, i do like it, but don't know if i'd buy it again
"
"for the price this product is great - the bubbles were thick and rich and lasted a long time. the scent was light and fragrant, not over-powering like some other products. for those who love their bubble baths - highly recommended
"
"i have never found a compact foundation, cream or powder, that looked and lasted even remotely as well as a liquid foundation with a dusting of powder over it. until now. this is an amazing makeup, and the best part is that it doesn't take a whole lot of product to achieve perfect coverage. my skin tends to be red, but this doesn't even hint at it. plus, it's a nice matte without being too dry. for everyday, this is my time saving, face perfecting miracle.
"
"mac lipglass is the absolute best. there are plenty of colors to choose from, super-shiny, and the gloss is thick, stays on and doesn't run. the best colors are.... nico for a cute lavender pink color with a glittery shine. oystergirl is a shimmery baby pink. oh baby is the perfect gloss for any earth toned lipstick. chai looks amazing with black smokey eyes. it's the perfect neutral earthy gloss and has no glitter or shimmer - just pure shine
"
"wow! my husband and i both use this scrub. it is very refreshing. the salt scrub is easy to apply and leaves a nice minty smell in the shower and on the skin for at least an hour! like the previous review i feel the chill after getting out of the shower...then i was full of energy! i look forward to trying this one after a hot work out or yard work! this will be a staple in our household!
"
"was very happy with the service of delivery, and i use the mirror every day
"
"the strawberry milkshake shower gel smells just like bonomo turkish candy i bought when i was a kid. i like it but i think the shower gel is overrated due to exposure on qvc. other shower gels are creamier than this. i'll enjoy using this and the eggnog then go back to making my own
"
"this product made my skin look absolutely great! i use it twice a day and within one week i saw a huge difference. i've been now using murad for a month and the improvement is astonishing. i get compliments on my skin every day. i highly recommend it
"
"i want one in every color. it glides on very smooth and the color lasts
"
"this is the one for you. i love love love lavender. and this soap is it. concentrated lavender goodness. very dark purple in color and complex in scent layering. wonderful light texture to soap
"
"after a long day of hunching over my computer at work for 8+ hours and a brutal workout after, i came home tonight and enjoyed the best shower experience i have ever had by myself with a bath bar! :) the cooling sensation of the wiccy magic muscles bar, the cool air in the bathroom, mixed with the warm water of the shower made for a incredibly relaxing, blissful, enjoyable shower. i feel great! i'll sleep great tonight! this experience has made me a lush customer for life
"
"i originally wanted the black ginger aromatic candle, but after reading the reviews it seemed that the red currant is the all around favorite. the smell is nice, but i think i expected something a bit different. the candle's scent does travel throughout my home like others have stated, and it seems to be burning slowly. the candle itself is fine quality, and comes packaged nicely! if i found a scent that i liked a bit better i would be 100% pleased
"
"whenever i saw glass or porcelain nail files in stores i always thought they were overpriced, you can get all kinds of nail files for a couple of bucks, and i didn't see a reason to pay more. but i was given one of these and now i think it's worth it. it is a really strong file, so strong that my mother was startled by how much it took off the first time she used it. you really only need very gentle pressure and speed with this type of file. it is very easy too clean and shows no signs of wear, by this time i usually would have killed a normal file
"
