"i recently purchased this from a book club, and it is a wonderful bible. type is easy to read, and the imitation leather binding cover is of high quality. the various colors help guide you to passages of the same intent. very innovative. great.
"
"i am average when it comes to design, but the tutorial helped me in creating a logo and it's cheaper and better for me to create one myself than pay someone to do it. i like the tracing feature which allows you to remove parts of a photo to place in a new background. to get the most out of this software you really need to be familiar with a lot of the features already, and there's a lot i am missing. i will just have to take more time to keep practicing and learning from trial and error
"
"turbotax was a great service, but i would like to be able to navigate with menus/tabs to a greater degree of specificity within the input pages itself. writing the return often requires back-tracking to a page that you alread covered. to get to a particular prior page, i would often be forced to go through up to 5 or 6 prior pages, reading the question each time because turbotax highlighted the default which was not my previous choice. this was a colossal waste of time in an otherwise excellent product. it could easily be fixed in the 2006 software if turbotax 1) switched the defaults to the users' previously-inputted values (completetax does this and it seems like an obvious thing to do) and/or made it easy to navigate to a prior page by giving a link to every input page when a user clicks a superior tab or link. this is what a good web-page does, and it would be very helpful if turbotax did the same.
"
"i don't understand why testing for each language exercise is not the default selection instead of having to select it. it is frustrating to go through an entire exercise hoping to see how well you did....and realize that you forgot to select ""test"" at the beginning. also, it seems that testing should be available for the 'guided exercise' also ...... not just the regular exercises. other than these two things, the program is very good
"
"this was the only place i could find turbo tax where i did not have to pay extra for state tax. i live in washington and we do not have state income tax. i even asked intuit how to get a version without the state tax, they said that was not possible. i have used turbo tax for many years and i will buy from amazon again next year. too bad some people can not read and then blame someone else for problems they caused. sound like a couple of 5 year olds. the only down side for me i received an email from amazon saying shipment would be delayed 15 days. 2 days later the software arrivied, right on the day amazon originally said it should. don't know why they sent the 15 day delay email
"
"(review written by my wife, the user.) i've happily used the quicken checkbook program for many years. when we changed operating systems from windows xp to windows vista, i was unable to get the quicken 2002 version to work in vista, so i purchased quicken basic 2007 and am totally pleased with the program. the only feature i use is the checkbook program and as far as i'm concerned, it's perfect. i've never used the download from bank option because i prefer to review all posted transactions when the bank statement arrives. i use edit preferences feature to tailor the program to my liking and i couldn't be happier. the price is reasonable, too
"
"having a study bible on my palm pilot has been very helpful. whenever i had some down time i always wished i had my bible. now i do at all times. it is easy to navigate. takes up a good amount of memory so just be prepared, but if you have enough memory on a card in your palm, it works great. i have used the memorize help feature a lot as well for memorizing verses. great product!
"
"it is user friendly, transparent, and more robust than trendmicro's or ca's products, both of which slowed my computer and prevented my music websites from working. for windows oses, onecare is best in my experience. however, i have not used onecare's backup feature enough to make a judgement. the $49.99 for 3 computers may be okay, but it would be even better if microsoft offers it for one computer at 1/3 the rate, say at $17/computer per year
"
"isbn-1581700296 black leather non-indexed kjv this is a beautiful bible. every verse is colored and each color stands for something such as love, family, faith, salvation, etc. it also has the center column reference, a one year bible reading schedule, a daily verse lisiting with, of course, 365 verses, one for each day of the year, various maps and pictures, outlines of each book, and a list of 100 popular bible verses, 50 from the old testament and 50 from the new. there is also a section in the front of the book that explains the color system and gives examples as well. it is also available in niv as well as kjv. i'd highly suggest this bible to anyone, but shop around. the one i bought listed at amazon for $77.99 but i bought it at a local bookstore for $39.99 plus tax. same book, same isbn exactly.
"
"i followed all instructions before i attempted to do an upgrade from windows me to windows xp - infact, the more i read the more i was told to do a clean upgrade. so, i did a backup and removed programs that were not compatible and i got some instructions off the internet on how to do it and it went very smooth. i love what it gave me. clean upgrade means a clean start - you remove everything and start with a new program
"
"this is the second generation of this software i have owned. it is a great navagation tool, better than most online sites and can be used in the car. i marvel at how up to date the roads shown are because in the lexington, kentucky area we have had a lot of new growth, with new streets and roads. the software contains a lot of good eating and lodging places already placed on the map, so you don't have to do a separate search to find a place to eat or spend the night. major points of interest are also on the map
"
"would highly recommend. we attend dog show that are in the middle of no were... this product got us to every show we have been to since we started using it in march 2007.we especially in enjoyed the feature of being able to find what kind of business were in the area were.we hate getting lost especially with a truck loaded down with dogs and conformation equiptment, this product has stopped that from happening. it would be nice if the 2008 version: 1 - it spoke the name of the streets while it was giving you the next turn 2- it would get rid of that agreement screen everytime you use it, once should be enough and 3 - it would be nice if we could log on to the web and down load the latest addition of gas station, place to eat and etc... while we were down loading the construction updates. this product is a good buy for the money..
"
"if you have used ms streets and trips, then you'll know your way around autoroute. we are using this to plan a trip to europe next may. based on my knowledge of locations in britian, the software appears to be pretty accurate. if you want to use this with a gps that does not come bundled with the package, expect some frustration. i still have not figured out how to get it to talk to my usb based garmin unit. i think it is possible, just do not know how.
"
"this is absolutely tremendous! if you ever owned the original kirby-lee fantastic four comics, and let them go for whatever reasons, or if you never had them, and want to see the world's greatest comic magazine in the days when it truly lived up to that title, this is the way to go! no one who's gotten this far should pass it up... it's an unbelievable bargain and a wonderful item in these days of madness like comics slabbed in plastic, like han solo trapped in carbonite... forget the marvel masterworks volumes... the reproduction ranges from shoddy to terrible, and the color is garish. those reprints do a great disservice to these classic comics... the originals looked much better than they do in the masterworks volumes! an example... fantastic four #5... in the masterworks volume, on the very first page of the very first appearance of doctor doom, black splotches inexplicably obliterate most of doom's mask...there's no excuse for that! that wasn't there in the original, and it's not here in the scan! if you don't own the original comics, and aren't wealthy enough to buy the originals, this is the way to go. the scans are very good, high resolution. here, you see all the linework that gets clotted in the masterworks volumes, and you can zoom in and really study all the details of that great kirby machinery, otherworldly architecture, and cosmic panoramas! i've had a big grin on my face from the moment i looked at the first page... this is what comics are all about... pure, unadulterated, cosmic fun! the original letter pages and ads are a real treat, too... the whole experience is time travel! oh, yeah... you also get 34 years of non-kirby fantastic four issues... ;-) please note! if you have a mac, and are having difficulties with this dvd, here are some tips. are you opening it with preview? if you just click on the icon on the disk, it will open in preview... but this will not work properly. you must use adobe reader to see the pages without the watermark. install adobe reader from the dvd. make an alias of adobe reader and put it in the dock. click and open the dvd icon. click and open the decade folder. don't open the year folder... click and drag the pdf icon, (such as ff_1960.pdf), onto the reader alias in the dock to open. click on year. click on month. click on the magnifing glass icon to zoom to any size. enjoy all that cool kirby machinery bigger than you've ever seen it! i hope this is helpful
"
"i recently purchased microsoft office, and so far, i have had the chance to use microsoft word. i am familiar with the product as i have had the older version before, with my old computer. i was pleased to find that i had no trouble with using my old files with this new software. i also was glad to find a variety of templates which were easy to use. i was able to print out business cards for me and my husband in just one morning. i am also glad that it isn't very much different from the old version, so i was able to use the program easily, without much adjustment.
"
"i've used paperport 9 for about 3 years, currently running under win xp. i love it, my wife loves it, i have bought it for my kids, and recommend it to others. a lawyer friend of mine raves about it. i've had no problems with it. (i had to downlaod and install an upgrade, but more recent production probably has the upgrade already incorporated.) i download bank and credit card statements and other documents to it from the internet; i store faxed documents in it; i scan checks before i deposit them; i use it to convert documents to pdf so i can e-mail them. the only reason i didn't give it 5 stars is that i wish it were more convenient to do a couple of things; maybe v. 10 adds those features, but for the money, v.9 is a bargain. i just wish i had a faster scanner (what do you expect for $60?) so i could get rid of more paper documents. highly recommended as a start toward the paperless office
"
"all i have to say is 485 comics for 40 dollars. or about 40 years worth. that's like a dollar a year. you do the math...it's an amazing deal. also, quality is great and you can print them if you want
"
"what i like about this software is that it does not come with too many ""gadgets."" at my age, i am ""technically challenged."" so this software worked out fine for me with my limited computer skills. i also like the fact that this software covers castilian spanish. it is probably the only course available that exclusively covers castilian spanish in such depth since pimsleur and learning like crazy only offer latin american spanish courses. the downside of this software is that you will not learn much spanish grammar with it. if you want to learn the rules and mechanisms required to combine words and form sentences in spanish, you will have to buy a good spanish grammar book. for that i strongly recommend spanish grammar for independent learners by avigail azoulay, arie vicente. it is more expensive than other spanish grammar books but it is well worth the money.
"
"...and i knew it wouldn't be the last. very very fun. don't think nancy drew is just for girls, guys can play and love the game as well. i am living proof of that. the game itself really isn't that hard, it is just some of the puzzles can be very tricky (i don't like puzzles) and that is the only 'beef' i have with the game, and most mystery games. now, back to the game itself.. intriguing storyline, suspicous characters and they all got something to hide. search for clues while interrogating suspects.. explore the resort, run errands, break into locked rooms without getting caught, disable alarms, and snoop.. and that is just the tip of the iceburg. if you like mystery games, nancy drew is for you! her games aren't overly hard, and they are very fun. even if you aren't a mystery fan, try it! you'll love it. try them all! you will become a nancy drew fan, trust me.. i did
"
"this is a good computer bible, but for the money, i prefer a program like amg bible essentials which has the libronix library system built-in and can be integrated with other bible study software. for about $15 more the amg program has both kjv, apocrypha and nasb, including a lot of other capability, like greek translations, word study, exegesis, parallel bible comparisons, etc. the rainbow bible is an older issue and shows its age by not offering features as mentioned above. some benefits of this bible include both niv and kjv translations, color maps, matthew henry's commentary, naves and a version of foxe's book of martyrs. the various colors can be distracting at times, but overall it is worth considering, particularly if you like the niv
"
"i installed a wd 320g usb drive to use as a backup drive. i used the hd backup software to do auto backups. unfortunatly the software took controll of the entire drive and i could not use it as you would a normal drive (drag n drop)or access a particular file. i used partition magic to reclaim my usb drive and in the process i partitioned the drive. the drive now works as i want it to i have control! partition magic was very easy to use and didi a perfect job.
"
"if you have a mac, and are having difficulties with this dvd, here are some tips. are you opening it with preview? if you just click on the icon on the disk, it will open in preview... but this will not work properly. you must use adobe reader to see the pages without the watermark. install adobe reader from the dvd. make an alias of adobe reader and put it in the dock. click and open the dvd icon. click and open the decade folder. don't open the year folder... click and drag the pdf icon, (such as ff_1960.pdf... i have the fantastic four dvd, so substitute whatever is appropriate), onto the reader alias in the dock to open. click on year. click on month. click on the magnifing glass icon to zoom to any size. i hope this is helpful
"
"i bought this software for the graphics capabilities and my husband is using photo-paint to edit our family pictures. this is the first version of coreldraw i've used and am very pleased with the help features, find them intuitive and the whole package impressive
"
"inport, excellent job, i love the product and would highly recommend it to anyone. i've had several hundred lps sitting in boxes in the basement for years and now i'm rediscovering that music all over again as i transfer the lps to the digital age. the quality of the transfer is very good (imo). for example, i was playing back so. central rain (early rem) in itunes and noticed that i had purchased the song on itunes about a year ago. except for an opening click on the lp version, its very hard to tell the difference between the two. my only minor negative (or really, feature request) would be for lpripper to somehow integrate and automate song titles from the albums so that i don't have to type them all in.
"
"within a couple days after installing dragon, it showed a high degree of accuracy. the accuracy depends on how late at night you dictate. it was installed on a 2.7 celeron with 512 of memory. the program generally keeps up quite well. the program works with comcast and aol free ride but seem to have a lot of glitches with aol.com
"
"this item was delivered in a timely manner and my son really enjoyed it. thanks
"
"this is a pretty good product for the price! i've found a few errors on location of addresses, but all in all, pretty good! just wish microsoft will offer a commercial vehicle version sometime in the near future. so far, we've had no complaints.
"
"although this game maybe aimed for kids, it can still offer powerful training games in an entertaining way. each assorted machines is like an arcade that trains each tactical aspects individually. such as blind chess, eye-training, memory training of chess positions are most notable that separates it from the other beginner chess training programs. the only thing i hate bout this game is the lack of options. you can't log off to a different username without having to shutdown the program first then relog nor can you delete usernames. no bgms (backgroundmusic)during chess matches. other than that, its an awesome tactical training tool. kids really do love to play this game and is one of the best games out there that can get them into playing chess. i think chess can be a beneficial contribution to school learning and thinking process.
"
"can't say enough for it. there is so much good work items in it that you probably will never touch them all. i've had every updated issue from issue 5 on up. they have been consistrantly excelant
"
"given my limited knowledge of computer science and programming i felt frontpage was a a really big help. i was able to get a website up and running in about 2 weeks which i think is pretty good all things considering. i didn't realize though that frontpage isn't the cureall for making a website really. primarily only for web design i.e. if you want to make a website with e-commerce and query searches of an inventory database and the like, you're gonna need to bring in the professional programmers in any event to program in asp or php. but as far as web design goes frontpage can take a novice a long way.
"
"i decided to get this office suite after using it recently. i've usually worked on office 97 and 2000, but the 2003 version has some pretty cool features not found in the older versions. the feature that i really enjoy is the pivot report feature in ms access, which wasn't in ms access 2000. this is a truly great reporting feature. you can now use access as a front-end to slice and dice data stored on data warehouses in oracle, sql server, sybase and other enterprise-type databases. if you're used to creating crosstab reports, you'll definitely like the pivot report feature. crosstabs are limited to 2 dimensions but there's no limitation on the number of dimensions in pivot report. to me, the main drawback is the price. (i did get mine at around $370 at jandr, which is a great price.) i figure i can upgrade this in about 5 years time, which works out to about $70 to $75 per year (assuming that i'll be paying about $370 to upgrade in 5 years time.) a big positive is that this is the industry standard. so the work you put into learning the multiple new features of word, excel, ms access is not wasted because you can reuse the same skills in another job. your time will be well spent. note that the software may seem bloated but the intelligent user is able to choose and pick the most useful and relevant features of each application and ignore the features that are not useful. different features are useful to different people... another positive: each product in office professional is fully programmable using visual basic for applications (vba) which you can use to build custom programs. this very powerful feature is sometimes overlooked when shopping for office suites.
"
"the engine behind this program is from chief architect, who, from what i understand, are developers of professional cad software. it shows in this program. while this program has one of the best 3d walk around and capabilities, i tend to judge this and others by the drawing tools that it possesses. and this one has some good usable tools. like most consumer level landscaping programs, this one has photo import so you can design around an actual photo of your home. unlike other programs, the bhg software allows you to import and mask your own plant images. this is a great feature that my own program has which gives much better visualization with plants you might actually use. all the important stuff that we need to create a sellable visual landscape is there. for now, and with the choices i know of that are available to you, i find this to be the best consumer level landscape and garden program out there. this design software comes with an easy to understand tutorial cd. it was easy to install and start using right away. i think most folks would do quite well with this one.
"
"i read the review centering on the box the dvd comes in and must admit that i was stumped as well. it was ""different"" but i don't foresee this as being a problem overall. the new office ultimate 2007 loaded quickly. how quickly? well, i had to check my new vista hp notebook because i couldn't believe that it packed all of the programs onto the system in such a short amount of time. it asked for the product key and one or two other bits of data but that was it. out of all the office suites i have owned, this one loaded so quickly i was sure there was a problem. nope. access, outlook, word, powerpoint, publisher, onenote, excel, groove and a host of others were there ready to be activated (don't worry; you only do it once, not for each separate program. naturally, if you are like me and totally dependent upon email, you'll activate outlook first). the new office ""feels"" different. the ribbons are ok but i would suggest that they allow us the option to retain the classic (xp) view. i rely quite a bit on the research task pane and i don't mind telling you that it was difficult to find. the menu bar is a bit on the thin side and having so many icons on the top added clutter and confusion, at least for me. of course, finding the research task pane could have been quickly resolved if microsoft had put a product manual in the box (yes, the online help is nifty but sometimes a man just needs to read about it from a manual instead of printing it out). all in all you will find all of your old favorites. and, true to the office legacy, they really have not changed enough to warrant a major release but i'm willing to bet that after all is said and done, office ultimatae 2007 will become the industry standard
"
"this ia a top rated anti virus softare.the price is good and the software is great
"
"this photo editing software package is unreal. it has more features and functions than you can shake a stick at. right out of the box i began some serious photo editing and got outstanding results. beats any other software in it's price range. i have yet to read the manual or instructions as it intuitive. two things - don't even bother with the free version of snapfire, which is included. it is redundant with pro photo and rather simplistic without much value. it is included as a teaser to get you to spend more money with corel by way of an upgraded version. and unfortunately the software is not well behaved and crashes to frequently. if it were not for this stability issue i would have given it a (5) star rating. corel - nice job but get it working better
"
