"works beautifully, both as blower and vaccum. minor drawback is that conversion from one mode to the other is somewhat tedious
"
"have not used the brush, yet, but does an excellent job on the snow! easy to handle, powerful, and light weight
"
"if i could afford it, i'd get one for each of my gardener friends. sometimes i might need a spade or pruners or shovel, but overall, the hori hori is often the only tool i take outside to plant and weed. solid, unbending steel helps pry out deep weeds or dig a hole even in packed clay or gravel. the serrated edge is great for butterflying root-bound plants. and the centimeter markings helps me properly place seedlings and bulbs. one thing i'd recommend that's been really helpful for me is to tie some long (15-20"") fluorescent plastic tape through the hole so that you don't lose it in the dirt; there'll always be some pink or orange ribbon sticking out even if you bury the hori-hori by mistake.
"
"it's the best saw that i have ever used. i'm used to use jig saw and circular saw. however, the reciprocating saw is outstanding ! i'm using this to cut trees, metal, pipes and heavy woods. the performance of this saw is amazing
"
"machine worked better than expected, received it soon than expected, would do bussiness wiht you again
"
"when my husband received this as a gift....i promptly stole it from him. it is nice and light and you can keep it in your purse or in the glove box in the car. if your headlights went out you could use it to drive by...just kidding. the light output is very impressive. i like this size since the larger 4 and 5 battery sizes are very heavy. i wish they would dream up something besides the diamond-knurled grip. it gives me the same feeling as chalk scrapping on a chalkboard does
"
"i purchased this from amazon and really feel it's a great deal for the money. i've used it extensivly and it works very good. you really feel safe on the roof or anywhere it's used, if used properly. you must use it properly for your saftey. it comes complete with all you probley would need. you must read the instructions carefully and secure it properly for safe use. it's a must for getting on your roof and is a very good value for the money. your life depends on this item and everyone should use one if on a roof properly. get it
"
"these wipes are a great way to remove dust from your car and leave a ""wet-look"" to the finish (don't use them on the windows though). the shine lasts for several days and a couple of people have asked me what kind of ""wax"" i use on my car. when i tell them i haven't been waxing the car, they look at me funny
"
"i have a fair number of cheapo clamps. or, better yet, i have a fair number of clamps because they are cheap. sure, they tend to fall apart and do not work smoothly, but they do actually work. then, i saw the amazon promotion for this set of four clamps and those set-up blocks that i always thought were a good idea. the price was too good to pass up and... i am very glad i bought this kit. the clamps are good in all ways and the set-up blocks will make many projects go more smoothly. the bessey clamps have a smooth and easily adjusted sliding action and the clamping ends are large, square and glue-proof. the set-up blocks hold the clamps in a positive right-angled way, jaws up, so you can assemble your cabinet carcass, drawer, etc. onto the set-up and square everything up easily. this is much easier than trying to juggle multiple glued boards and loose clamps with two hands. it is common knowledge that you can't have too many clamps, but not everyone knows that you need a large variety of clamps as well. those on a budget may find that buying a wide variety of inexpensive clamps that will cover most projects, and a small set of high quality clamps for critical work might work out well. that is the position i did not plan, but found myself in, and it worked out well for me on a couple of complex furniture projects. i really think this set is actually a must for all woodworkers
"
"the bessey clamps really help keep my work ""square"" while drying. even though they are a bit expensive, they have saved me a lot of time and money by eliminating a lot of mistakes. i hope bessey starts making other products for my shop
"
"a little low on power but i can't complain condsidering it didn't cost me anything but the margins on the other tools i bought--woulda paid bigger margins at home despot or lows. nice that it comes with an assortment of extra blades. too bad stupid dewalt makes all their tools in mexico...pay a little more and get a 7 lb., 10-amp corded milwaukee sawzall made in the us
"
"these are great cleaning wipes. living here on the east coast when it snows and the salt and road dirt get all over the car it's not so easy to get to a car wash right away, pull one of these out and it cleans so well and leaves a great shine. my husband and i use these even after going to a car wash when you see water spots just 1 sheet will clean it all up. i hope they don't stop making them. lately have not been able to find them in the stores....
"
"i read the reviews before purchasing this electric blower. we have been very pleased so far with this blowers performance!! it is extremely powerful, quiet and easy to handle. i have been especially pleased when using the vacuum to suction up the leaf pile. it has been very efficient even when blowing or vacuuming up damp leaves. although i was hesistant to buy electric and have to deal with the cord, it hasn't been a problem for us. i would recommend this product
"
"i was really looking forward to getting this tool and saving some time. it sorely disappointed me. it was very hard to adjust to the right depth of cut, and instead of using a razor to cut the paper, it uses a pair of very cheap star wheels to perforate. even when finally set to the right depth of cut, the wheels wobbled all over the place, leaving a wavy cut. it seems like a good idea, but i guess i'll have to make my own to get it to work right
"
"the bessey clamps really help keep my work ""square"" while drying. even though they are a bit expensive, they have saved me a lot of time and money by eliminating a lot of mistakes. i hope bessey starts making other products for my shop
"
"having a small driveway and sidwalk, i didn't want to spend hundreds for a new snow blower. i purchased this item and for snow, it performs flawlessly. i have used it for anything from 1 inch to 8 inch storms and it displaced the white stuff 15 - 20 feet. easy to use, starts right up. i found myself placing a 100 foot heavy duty extension cord on a garden hose hanger, right inside the garage door. when it snows, i just plug and go. you can litterally toss your snow shovel out. i have a bad back, and i feel no strain when using this unit. i have to admit i never used it for a broom, but as stated, for snow it's a win, win
"
"the dw 303 is a little lighter weight than a standard ""sawzall"" but does not lack ""guts"". i have used it a lot doing some re-modeling cutting both wood (2x4s), drywall, particle board and metal (galvanized and abs pipe). it did a great job
"
"this product is so great, so with the price, its a great bargain and so usefull around the house and in my cars
"
"i bought this item with the idea of saving time it worked great until i dropped it, which was about three hours into the day, the cheaply made star wheels that score the paper bent over now as you can imagine it leaves a wavy line instead of a nice straight one, i am very disapointed with the quality of this product and would not buy another on
"
"excellent tool. no more lifting! the only thing easier is to pay someone else to shovel
"
"i bought this as a blower, i don't intend on using the other functions. the unit is very powerful, more than my previous gas blower. the cord can be a pain, but this is the price you pay for not having to buy gas and being able to blow out your garage without the fumes. overall, i really like the ease of use and it's high power
"
"this shovel works great.i have only had the chance to use it once but it was heavy wet snow and this shovel peformed awsome.it threw snow 20-30 feet off my back porch
"
"they are a little pricey compared to say the clamps at harbor freight, but once you use them you will know why. they are superior in every way. when you clamp with them the wood does not move around since the jaws are parallel. and you can get tons of clamping force out of them. very nice tools
"
"in japan this is the best item to examine pupil reflex for light and to see palate or tonsils
"
"shipping, to quick to be true. item was exactily as described. could'nt ask for better service
"
"i absolutely love the blower part of this toro, but have had some trouble with the vacuum. it worked very well once, but the 2nd time we used it we couldn't disassemble it. after much aggravation, mission was accomplished, but now i'm afraid to try it again. i probably will since i enjoyed the vacuum, but you can't beat the power of the blower. i'm addicted
"
"this product is so great, so with the price, its a great bargain and so usefull around the house and in my cars
"
"this is a great flashlight, very bright for its size, very solid a great item indeed
"
"the dw 303 is a little lighter weight than a standard ""sawzall"" but does not lack ""guts"". i have used it a lot doing some re-modeling cutting both wood (2x4s), drywall, particle board and metal (galvanized and abs pipe). it did a great job
"
"in japan this is the best item to examine pupil reflex for light and to see palate or tonsils
"
"a little low on power but i can't complain condsidering it didn't cost me anything but the margins on the other tools i bought--woulda paid bigger margins at home despot or lows. nice that it comes with an assortment of extra blades. too bad stupid dewalt makes all their tools in mexico...pay a little more and get a 7 lb., 10-amp corded milwaukee sawzall made in the us
"
"i used this light for years when i led camping trips with inner city teens. it worked out perfectly when trying to negotiate a small tent. you can hold it in your mouth to direct it's light or use the candle feature. either way it's small size and ruggedness was exactly what i needed
"
"this one is just as bright as the aa mini maglite and is considerably thinner and lighter. extremely durable. i've had one for several years now and it's taken quite a beating in the car and in my toolbox
"
"i'm not mistaking the product i'm reviewing here. use this shovel 20 minutes every day and you'll beat bowflex. it's much worse than my trusty $8 plastic shovel. incredibly awkward design -- you'd think the handle should be tilted back while you push the shovel forward (almost effortlessly i hoped). wrong. the handle needs to stay vertical so that the moving parts -- below the cover -- can get in touch with the snow and shovel it. you can't push when the handle is vertical, instead there is a side handle provided which you're supposed to use to actually pull the shovel forward. that is, you're standing behind the shovel (because it throws forward), holding the vertical handle with one hand, and pulling the other handle forward and away from you!!!. extremely awkward. in addition to really working your upper body, you'll feel pain in your wrist, neck, and shoulder joints, not to mention the lower back. the snow throwing action itself is very clumsy and erratic. a little wind will blow the fine snow powder in your face. to add to the mess, this thing throws forward, not to the sides, and i'll leave it up to you to imagine the implications of that
"
"had to buy 2 of these when book case i was building was ""redesigned"" lol. the clamps are excellent and very strong, also very heavy and a lil difficult for 1 person to handle. am very concerned tho of the price increase in less than 6 months, from $49.00 to $69.00 each, even faster than gas prices.........
"
"have not used the brush, yet, but does an excellent job on the snow! easy to handle, powerful, and light weight
"
"having a small driveway and sidwalk, i didn't want to spend hundreds for a new snow blower. i purchased this item and for snow, it performs flawlessly. i have used it for anything from 1 inch to 8 inch storms and it displaced the white stuff 15 - 20 feet. easy to use, starts right up. i found myself placing a 100 foot heavy duty extension cord on a garden hose hanger, right inside the garage door. when it snows, i just plug and go. you can litterally toss your snow shovel out. i have a bad back, and i feel no strain when using this unit. i have to admit i never used it for a broom, but as stated, for snow it's a win, win
"
"great blower, and great price. relatively quiet and it blows away the weeds and not the dog's meat loaf - making the leaf piles much more pleasant to pick u
"
"i got this as a freebie when i bought the porter-cable cffn250n finish and brad nailer combo kit on a promo a few months ago. the saw worked great for tearing out a big part of my house to be remodeled, including nails, drywall, studs, etc.. i did have a little trouble with the blades and allen wrench at first (mostly just trying to keep track of the wrench), but now have things all figured out and it works great
"
"pretty handy for a small yard with lots of 60 ft trees. as or more powerful then my old gas blower but no fumes, no gas/oil to mix, not as loud. have not tried out mulch/vacuum mode with bag yet. i like adjustable contol but it is a little difficult to adjust when running blower. sometimes adjustble control changes by itself. has concentrator nozzle that is nice. good secure extension cord anchor.
"
"the only disappointment was the tool came in a cardboard box rather than a suitable hard cover case for transport to and from the job. first use proved to be exactly what i expected from dewalt. the tool is heavy enough to help manage difficult cutting tasks (screws are much harder than nails) but light enough to allow for extended use. ken, katy tx
"
"i bought this set of tools when it was on sale. the quality is decent but for its price, it is still a no brainer to buy
"
"if i could afford it, i'd get one for each of my gardener friends. sometimes i might need a spade or pruners or shovel, but overall, the hori hori is often the only tool i take outside to plant and weed. solid, unbending steel helps pry out deep weeds or dig a hole even in packed clay or gravel. the serrated edge is great for butterflying root-bound plants. and the centimeter markings helps me properly place seedlings and bulbs. one thing i'd recommend that's been really helpful for me is to tie some long (15-20"") fluorescent plastic tape through the hole so that you don't lose it in the dirt; there'll always be some pink or orange ribbon sticking out even if you bury the hori-hori by mistake.
"
"after a week of researching hand held blowers on the internets (lol), i came to the conclusion that this is the best hand blower money could buy. i have never used another hand blower in my life so i cannot compare to any another blower, but i must say i am still very impressed. so i decided to wake up the neighborhood and take the this blower out for a test drive. i could not believe the amount of power this baby has. i ran it through my front yard and i had not realized how many leaves were hiding under my grass from last year. i mean this thing was blowing out oak leaves that had already been fossilized into the ground. it blew away rocks, it blew away acorns, and any thing else that got its way. now i don't even plan to use the vacuum feature because i don't really have that many leaves in my yard, but even if i did have any problems with the vacuum, i don't think that is any reason to complain like some other reviewers. i mean were we really looking for a vacuum when we went out to buy this thing? the vacuum was just an extra feature. all in all, i would highly recommend this blower. it is a definite winner.
"
"this mini mag is really very good,though its a bit overpriced at amazon.com i realized it after purchasing.future buyers check walmart/target for a lower price
"
"pretty handy for a small yard with lots of 60 ft trees. as or more powerful then my old gas blower but no fumes, no gas/oil to mix, not as loud. have not tried out mulch/vacuum mode with bag yet. i like adjustable contol but it is a little difficult to adjust when running blower. sometimes adjustble control changes by itself. has concentrator nozzle that is nice. good secure extension cord anchor.
"
"i'm not mistaking the product i'm reviewing here. use this shovel 20 minutes every day and you'll beat bowflex. it's much worse than my trusty $8 plastic shovel. incredibly awkward design -- you'd think the handle should be tilted back while you push the shovel forward (almost effortlessly i hoped). wrong. the handle needs to stay vertical so that the moving parts -- below the cover -- can get in touch with the snow and shovel it. you can't push when the handle is vertical, instead there is a side handle provided which you're supposed to use to actually pull the shovel forward. that is, you're standing behind the shovel (because it throws forward), holding the vertical handle with one hand, and pulling the other handle forward and away from you!!!. extremely awkward. in addition to really working your upper body, you'll feel pain in your wrist, neck, and shoulder joints, not to mention the lower back. the snow throwing action itself is very clumsy and erratic. a little wind will blow the fine snow powder in your face. to add to the mess, this thing throws forward, not to the sides, and i'll leave it up to you to imagine the implications of that
"
"these are great! you start out with a clean car, and every week or so you dust it, and wipe it down with one of these, even use the same wipe to wipeoff the brake dust off wheels and pipes. the above reviewer is right about the glass, but i always do that separate anyway. i drive a black muscle car and everybody thinks i spend hours on the car. the only problem.....i can't find 'em anymore
"
"i was really looking forward to getting this tool and saving some time. it sorely disappointed me. it was very hard to adjust to the right depth of cut, and instead of using a razor to cut the paper, it uses a pair of very cheap star wheels to perforate. even when finally set to the right depth of cut, the wheels wobbled all over the place, leaving a wavy cut. it seems like a good idea, but i guess i'll have to make my own to get it to work right
"
"i purchased this from amazon and really feel it's a great deal for the money. i've used it extensivly and it works very good. you really feel safe on the roof or anywhere it's used, if used properly. you must use it properly for your saftey. it comes complete with all you probley would need. you must read the instructions carefully and secure it properly for safe use. it's a must for getting on your roof and is a very good value for the money. your life depends on this item and everyone should use one if on a roof properly. get it
"
"i have a fair number of cheapo clamps. or, better yet, i have a fair number of clamps because they are cheap. sure, they tend to fall apart and do not work smoothly, but they do actually work. then, i saw the amazon promotion for this set of four clamps and those set-up blocks that i always thought were a good idea. the price was too good to pass up and... i am very glad i bought this kit. the clamps are good in all ways and the set-up blocks will make many projects go more smoothly. the bessey clamps have a smooth and easily adjusted sliding action and the clamping ends are large, square and glue-proof. the set-up blocks hold the clamps in a positive right-angled way, jaws up, so you can assemble your cabinet carcass, drawer, etc. onto the set-up and square everything up easily. this is much easier than trying to juggle multiple glued boards and loose clamps with two hands. it is common knowledge that you can't have too many clamps, but not everyone knows that you need a large variety of clamps as well. those on a budget may find that buying a wide variety of inexpensive clamps that will cover most projects, and a small set of high quality clamps for critical work might work out well. that is the position i did not plan, but found myself in, and it worked out well for me on a couple of complex furniture projects. i really think this set is actually a must for all woodworkers
"
"this mini mag is really very good,though its a bit overpriced at amazon.com i realized it after purchasing.future buyers check walmart/target for a lower price
"
"i was a little doubtful because of the complaint about blade changing, but obviously that consumer was wrong. this was easy to operate, fast and the best unit i could have purchased
"
"shipping, to quick to be true. item was exactily as described. could'nt ask for better service
"
"i used this light for years when i led camping trips with inner city teens. it worked out perfectly when trying to negotiate a small tent. you can hold it in your mouth to direct it's light or use the candle feature. either way it's small size and ruggedness was exactly what i needed
"
"they are a little pricey compared to say the clamps at harbor freight, but once you use them you will know why. they are superior in every way. when you clamp with them the wood does not move around since the jaws are parallel. and you can get tons of clamping force out of them. very nice tools
"
