"okay, i'll have to start by saying that i don't play many role-playing computer games. i'm a fan of the genre, but i tend to play strategy/command-and-conquer style games. so, when i picked this one up, i didn't have a lot to compare my experience to. i was immediately sucked into the game, and the controls were not hard to learn, despite what another review said. character progression is cool, giving a fair bit of control over how you develop both skillwise and alignmentwise (do you want to be good or evil? it's your choice and effects how the game plays out). the optional quests and main story quests are all cool, but i have to warn you all: the final battle is way too easy. i beat the whole game without maxing most of skills, without having most of the really cool legendary weapons, and without doing a lot of side quests. but you can continue in the game world after it ends: just let the credits roll for aprox. 10 minutes. though, there are no new quests, you can run around and tie up loose ends, like opening demon doors and silver key chests.
"
"as far as wireless bridges go this item is expensive. some can be had for 40-50$ at other sites. but those items are a seperate item with another plug and would require more space. this adapter is designed to work perfectly with the the 360 and does just that. it connects to the back of the console (and hd dvd drive if you purchase that) and use the power of the 360. it doesn't take up any extra space and has a strong connection. i would recommend it to anyone that has a wireless network in their home
"
"the classic final fantasy games (1-3 [not 6]) are notorious for their difficulty. this does not hold true until you reach the center of the moon. then, you will find yourself guzzling elixirs, potions, and ethers just to kill one monster. for example, the behemoths (found past b5 in the center of the moon, and in bahamuts cave) will counter every spell and attack with a brutal 2300 hit on one party member. most of the boss fights (asura, bahamut) and tough monsters (behemoths, wicked masks) are gimmick fights. bahamut is actually one of the easiest fights in the game, just cast reflect on all of your party members. let me reinstate what the previous reviewers have said about this game + crisp graphics + great music + sound + fun + more to do once you beat the game - somewhat short (beat eg zeromus in 18hrs 42mins) - very difficult - prepare to grind 10-15 levels once you reach the center of the moon! i enjoyed this, and you can bet i'm getting ff3 for the ds. great blast from the past, a must-buy for any final fantasy fan, rpg lover, or gba owner
"
"mario kart double dash is essentially mario kart 64 and then some. the game brings alot of new cards to the table, which i will review below. mario kart double dash has improved on the last game immensely, and that is saying alot, because mario kart 64 was one of the most fun games available for the n64. the first way it improved on the previous game was allowing players to choose 2 characters to race with instead of 1. this makes for a bit more of a complex control scheme, but otherwise doubles the fun. the game also features tons of available characters to play as: mario luigi peach daisy wario walluigi bowser baby bowser koopa paratroopa baby mario baby luigi donkey kong diddy kong yoshi, and birdo the game has the ol' grand prix mode and the time trials, but it also has some new unlockable features, such as: new carts new characters a new circuit new battle mode stages... and more, but i don't want to spoil anything. mario kart double dash's multiplayer modes are better than ever, too. not only are battle and versus modes once again available, but there are new types of battles: shine theif and babomb blast. all in all, mario kart double dash is extremely fun and replayable, and has enough features and unlockables to keep you occupied and entertained for a while. i enjoy it, and i think any gamecube owner should pick this game up. i reccomend renting it first to see if you like it, and then making your decision. thanks for reading, bubba""samus
"
"this isn't much like the spiderman games that i'm used to, but it is definitely a lot of fun. good storyline for a fighting game. the single player is challenging (but beatable) and uses most if not all the characters. there are plenty of characters, and most are different and have unique powers. there are two versus modes: against the computer or against a friend. the computer is pretty easy to beat. each character has it's own pros and cons. another thing i like is that the character levels aren't the same (anybody remember super smash bros?). in most games there are a lot of different people but they're mostly the same and your winning mostly just rides on your experience with their moves. in this there are some major strong characters unlocked at the end. i actually got bored and a little dissappointed after playing this a couple of days, but a little while ago i started playing again and it is awesome. recommended for comic book fans
"
"despite all of the controversy over its violent content, the grand theft auto series of videogames deliver time after time with the best entertainment bang for your buck. in my opinion grand theft auto: vice city is the best game out of the series so far. yes, the missions are a bit easier than those in san andreas, but vice city is a better overall experience. the setting is beautiful, there are more properties that you can own, and the automotive,firearm and weapon selections are also quite large. the soundtrack to this game is amazing. from 80's pop to metal to old school rap and hillarious talk radio, its all here. grand theft auto is the greatest videogame series ever because it combines fun, challenges, and elements of real life triumphs and consequences in one well produced package
"
"its simple, you can use your controler to do most of the fuctions this remote can do but, it takes a lot more time. same differance with highspeed and dialup. if you have dont mind taking a little longer to get things done then use the controler. personally, i like my 360 remote
"
"with tekken 5, the folks at namco have crafted the best edition yet of the long running fighting franchise. featuring a horde of fighters, undoubtadly the best lineup yet, tekken 5 features the same deep gameplay and combo mechanics that will keep you playing for quite some time. and because it's tekken, there's a bevy of hidden characters and features to unlock as well. there's no tekken force mode this time around, and instead there is devil within, a segment that is similar to tekken force where you play as jin kazama as he battles his way to learn of the devil gene within him. it's not much to write home about in itself, but there's more features to behold here as well, including the addition of playing the arcade versions of tekken 1, 2, and 3 as well as the namco shooter starblade. the graphics are improved and the backgrounds have been revamped as well, all helping make tekken 5 the best fighter not just for the ps2, but for home consoles in general. for veterans to the series and newcomers alike, tekken 5 is a masterpiece, and essential to every ps2 owner's library
"
"i played through the first halo and really enjoyed the single-player campaign. i never played the multiplayer game until i bought halo 2. let's get this out of the way first: halo 2's multiplayer is unparalleled. with a multitude of multiplayer games (capture the flag, juggernaut, team vs. team, etc.) and a dizzying variety of terrains, there's plenty to keep halo fans busy blowing each other up. the addition of the alien elites as a playable character spice things up. you can also wield two weapons at a time, one in each fist, providing another combat option for those gunslingers that like their battles john woo-style. unfortunately, halo 2's single-player campaign is not as impressive. to whit, the alien covenant's entire society is based on the idea that activating the giant rings throughout the universe (known as halos) will put them on their journey of spiritual evolution. the reality is that halo is a weapon designed to destroy the flood, an infestation of aliens who turn human and alien alike into vicious zombies. and how do you keep the flood from infecting every living thing? why, by utterly destroying every living thing in the universe of course! play alternates between master chief and the alien elite known as the arbiter. this gives the player both sides of the story, which is interesting...to a point. eventually, the plot converges enough so that the two characters should really end up fighting each other. that would have been something, if the ai made you play through both battles from opposite sides by creating an enemy that uses your own moves. but instead, about midway through the battle for the universe, a giant plant that looks like audrey ii from little shop of horrors shows up. this planet, speaking in jabba-esque guttural tones, rams the plot down our throats by grabbing the arbiter and master chief and shoving them into opposite plot lines: the arbiter ends up working with the humans, master chief ends up doing the alien dirty work. then things really get going, and just as halo 2 hurtles towards the final battle on earth...the game ends. i should have guessed something was up when, during e3 interviews about halo 3, the ceo of bungee only had this to say: ""are you ready to finish the war?"" what he meant was, ""are you ready to finish the game you thought you were finishing in halo 2?"" as you've probably noticed from my review of the second installment of pirates of the caribbean, i really, really, really hate movies and games that fail to provide a whole story. it doesn't matter that this is part two of a three-part series. writers and developers have an obligation to provide a full story; you can create a story with a beginning and end even though it's the middle of a series, as evidenced by the two towers. halo 2 is an improvement on the original, but it loses points for a weak campaign that forces you to play both sides, then throws in a talking plant to clean up the mess.
"
"the hilarity, adventure, wit and fun of this game is nothing shy of stupendous (amazing great, marvelous). it has a certain nostaglia to it with a new twist on the adventure/puzzle genre. think of all the games that consumed our time back in the day such as king's quest, police quest, and leisure suit larry and put it to the tune of trials, evidence and investigation with hints of an rpg, text adventure and anime and you'll land on phoenix wright. it's concept does seem retro but it really is like nothing you have played before. the star of this show is phoenix wright, a lawyer who is new to the scene and must prove is worth with the fey and co law offices. as his first case, you must take on a murder case as the defendant's lawyer. in court, you will have prove to the court that the defendant is 'not quilty' by cross-examining witness testimonies. your object is to find faults and contradictions in their testimony by referencing evidence and prior statements. you can 'press' them on everything they say to make them open up more about their testimony or to get them to confess more information. the game doesn't stop there though, after winning your first case you will go on to also investigate the crime scenes, talk to witnesses and find your own evidence for your next case. think law and order but you will be handling both sides of the coin. sure, there is a detective but he is a bit slow witted and quick to come to mis-conclusions. that is where you come in, to further investigate all the missing gaps that the detective doesn't fill, to use finding in the investigation to prove your defendant innocent later in court and to provide the court clarity as to what actually happened. it plays like a puzzle/adventure in that you must find clues and evidence and present them at the correct times (to object to a testimony, prove a contradiction or to trigger an event in a investigation) in order to progress through the game. these items are stored in your court record. this game plays more like a interactive comic book and that is definitely not a bad thing. most of your time will be spent reading text, i would say this takes up 75% of the game. this doesn't hurt the game's score any because for 1) the game has a great story and is intriguing around every corner 2) the interaction between the characters is oft times funny and not at all dry. it reads like a quality script written for a comic book or tv show. the following 25% is interaction, the ability to choose the right option or to present evidence at the right moment of the game. this interaction goes seamless with the story and fits appropriately with the ds. as the stylus is greatly utilized for presenting evidence out of your court record and exploring crime scenes. there is a good reason why this makes most people's top ten ds list. graphics: 3.5 out of 5. although this game only consist of anime-esque stylings of still life characters that are only slightly animated amongst static backgrounds, the graphics still help carry the story. it looks like the makings of slightly animated, interactive comic book. the character art is well drawn and each character changes looped animations based on their current mood. however, the graphics could easily have been shown on a lesser system such as the gba. perhaps the graphics have been revamped and enhanced slightly for the ds version. the only real thing that separates it from a gba title is its use of stylus and its length. sound: 4 out 5, good use of sound effects and use of music add suspense and drama to the game. gameplay: 5. story: 5. replay value: 3. overall: 4.5 a must for ds owners
"
"this is a nice package of my two favorite final fantasy games: final fantasy vi and final fantasy v. final fantasy v has never seen release here and i feel that the translation was both well done and sensitive to the original japanese version. final fantasy vi has been restored to its original glory in this version and it's a nice change to see uncensored graphics and the original ""final fantasy vi"" title with tina(terra) in magitek armor. i highly recommend this collection
"
"this game is really good! i have a real up-to-date computer so everything runs fast and smooth. the multiplayer is great! you can play 1,000's of people in a huge number of maps and game styles. you can even type a message to your team or for everyone to hear! one of the down points is that in multilayer, someone may have modded a map to mess up the game or give them unlimited ammo and you get nothing. another thing would be the lag. this is where the game moves real ""choppy"" or you lose the network connection. still, its a really fun game
"
"half-life 2 for pc put on the x-box sounds like it should work. the core gameplay is still the same and is good fun once you get a few hours into it. the graphics are decent but won't blow you away like the pc versian. so what's the problem it's half-life 2 on the x-box just a little watered down. well there is one single problem that really irritates me to the point i would give it three stars. l.o.a.d.i.n.g!!!! this game loads more than you actually play it. it simply ruins the action! your in the middle of a tense adrenaline pumped chase and your really into it when it all suddenly stops and the game loads. the loading times last between seven to thirty seconds and it really just makes you want to swear at the t.v. screen. half-life 2 for x-box isn't bad game but it is completley inferior to the p.c. problem which had loading problems as well. it's possibly worth a rental if can sit through all the constant loading but beyond the loading issue it's worth a playthrough. there is no multiplayer and the single player is all your getting so don't buy.
"
"i honestly hate fighting games. i think they're boring and they don't offer anything interesting to keep me attached to them as the years go by. enter tekken. tekken has been around for many years. when it first came out, everyone loved it. it used to compete with virtua fighter on the sega saturn. i was impressed then and i'm impressed now, all these years later. the action is just a lot of fun. you really couldn't ask for a better fighting game. the graphic updates have really added more depth to the characters and the environments. i love the game and i hope you do, as well
"
"after my little brother lost my original copy i had to buy a new one and i am so glad i did. i love the game and it was so much fun to play. like all final fantasy game the graphics were amazing as was the gameplay
"
"this is the first wireless controller that i have ever used that didn't lag constantly. in fact mine has never lagged not even when the batteries were low. the range is more than enough for any room in my home. actually i have taken it outside between online mathces and kept chatting with the other players so it even works through doors and windows. great product that i now have two of them and have retired the wired controller
"
"i liked this game especially with kris kristofferson doing ned's voice...(should have had more of him in it) gameplay is short, i beat it in less than a day. i liked it but like one other person said, you better have something else to play after this
"
"the xbox 360 live 12 month kit is the best deal for anyone who needs to sign up or renew their live account, even if you do have the headset. the card itself is $50, and the points, bonus game, and $20 dollars off a new game (limited time offer) easily helps to make your money back. even if they didn't include the rebate, it would still be less than buying these parts separate. in fact, it's almost like you're getting a headset for free! so, like i said, if you need live, buy. also, this is the bundle which someone earlier stated was cheaper at best buy. i checked, and he was mistaking the card for the kit
"
"i bought a nintendo ds so i can play super mario brothers for ever like i was when i was a kid .. its amazing that they brought the villans back from the first 3 marios when we were younger ... my 4.5 year old cousin even was hooked on it and i had to buy him a ds along with mario so he could play it after i left to go back home ...
"
"nintendo hasmaintained their status as one of the most successful video game companies ever. since they hit it big back in the 80's, they've maintained to be as synonomous with the way we play video games just as microsoft has ibm has maintained the computers. a couple of years ago, nintendo revolutionary changed the way we play video games with the ds handheld system. not only has it worked very well, but it has changed the way we played video games with the touch of a pen. earlier this year, the company redesigned the system with the ds lite. now, it has been remade, and it is pretty in pink. the nintendo ds lite in coral pink, is a video game system not only designed for the hard core gamer, but the color makes it have a femanine touch for female gamers too, from its detailed color to its elequent pink-colored stylus. the screen is very crisp and clear, and deliver beautifully in its display. the graphics are crisper and clearer than the original ds system on so many different titles from new super mario brothers, the action-packed puzzler meteos, and new games like star fox command and mario hoops 3-on-3. not only that, but if you're a fan of game boy advance games, you can play your gba games on the system as well. the gameplay is crisper and delivers the best control, for the system, but also a easier way to play games that original ds owners had trouble tackling. all in all, the nintendo ds lite is a great video game system because it is inexpensive and convient for the die hard gamer in not just the price, but the games too. i love this system a whole lot, and if you have the desire to own a video game system, i definitely recommend this one for everyone. graphics: a sound: a control: a fun and enjoyment: a price: a overall: a 1/2
"
"this games story takes place before gta 3 so it's sort of like a prequal set in liberty city compared to the original it looks a lot better plus they added bikes and motor cycles and attempted to improve the targeting by using the targeting system from san andreas i hate the targeting but being able target manually is a good thing if you don't own a psp i'd suggest getting this game but if you do and played it on that system there really isn't any point to buying this game unless you really really love gta
"
"i recived kotor for christmas. i was skeptical - the front picture was strange to me. i popped it in, installed and started playing. three weeks later, i was completely into it. it is one of the funnest games that i have ever played. the missions and the completely customizable characters make this the best star wars rpg, ranking up there with world of warcraft and other hyper-popular rpgs
"
"it feels so strange describing this game to people who have never heard of it before. ""yeah, you play as this tiny little prince, and your father, the king of all cosmos, got drunk one night and destroyed all the stars in the sky. your job is to go around the earth with this psychedelic sticky thing called a katamari and roll stuff up into a big ball. really, that's all you do - just roll as much stuff as possible into a massive ball, and if it's big enough, your gigantic, well-endowed father will shoot it up into the sky to become a new star. and, uh, that's the plot."" wtf? yeah, you just gotta play it. and that's the best advice i can give. what exactly is it that attracts me to such a bizarre game? perhaps it satisfies some strange compulsion of mine to just...roll things up...into a ball. i dunno, it's just plain fun. the controls are very simple - you only use the left and right analog sticks to navigate through your brightly colored, exceedingly cluttered environment. what really adds to the enjoyment of this game is the sound. every object you pick up lets out a unique sound as it's unapologetically absorbed into your ball of junk, and it's quite amusing. furthermore, the soundtrack is catchy and upbeat, and you're sure to get the songs stuck in your head for hours (days, weeks, months...lol). i also love the fact that this title is enjoyable and playable for both gamers and non-gamers alike. the controls are quick to pick up, and simple objective is easy to jump into. truly, this game is just off-the-wall fun, and if you're willing to try something unique with a healthy dose of craziness, give this game a roll
"
"cicken little is a fantastic game. this game is full of diffrent things like little bit of fighting, sports, unioform hunt and more.the best part i like is the carpool craze.
"
"i picked this up along with zelda when buying the wii. this game is not for those who like realistic driving games, the physics are nothing short of just silly/insane. ...but it is so fun! i love how you get stars for ""nice crashes"" and running other trucks off the road. the action is fast and the driving is very intuitive. (provided you use the tutorials - they teach you all the stunts). it's not too hard, anyone can play, and it's just fun. i love flying through the air and morphing the terrain of the track around me. highly recommended, don't overlook this game!
"
"in this first person shooter you battle through the star wars battles through all episodes, fighting as soldiers on the republic's side. and you have the chance to play as a jedi ehich has more power than a normal soldier. and, you have the opportunity to do ""instant action"". that is where you choose a battlefield and pick a side to fight as. also, you can choose to conquer a galaxy, but it's really boring. this game is really fun, but it starts to get boring after awhile. so, get some friends to play multiplayer or splitscreen. also, yoda is awesome
"
"if i had to pick one system to play exclusively, based on several factors, i'd choose the ds. now, i'm glad i have the option (i.e. money) to keep purchasing home consoles, but if in some bizarro world where i could only take one system... well, you get the idea. in a way, the ds reminds me of the ps2. it's a bargain. it's backwards compatible so it plays gba game. the games are abundandt and perhaps more importantly they are varied and around $30. you can't go wrong
"
"when i upgraded to the 360 i was a bit saddened that i would not be able to use my controller with a built in fan, but these wireless controllers are amazing. first, wireless. no tangling, no mess, toss your controller wherever, pick it up, walk around, sounds a bit unnessacary, but it is definatly nice to have. also, the middle ""x button"" of these new controllers is amazing also(although, i'm sure they're on the wired controllers) quick access to your music, friends, and dashboard in game. plus, turn off the controller or the whole console from the comfort of your couch
"
"there are alot of reasons so you dumb people that rtae it low probably never played it heres why i think its great. why its great: -fun in editor to just mess around (no need to test map to have people fight) -many units that can make diffrent stratadgies -god powers are great -many mythical units that make the game unique -the titans are crazzzzy -you beat the campaign? well download the new free one online go to the main website of aom =d =d =d -beat every campagin that exsists? you can still play online make many skirmish wars and even make your own campaigns -many fun maps -can be easy or hard depending what difficulty's you choose so its great for everyone -new armies/gods/powers all that good stuff =] so basically this games greta buy it actually better yet buy the gold edition which has this expansion and the original which you need to use the expansion. have fun
"
"with nintendo riding very high on the handheld gaming market with the game boy advance, they've also shown their stuff with the success of the nintendo ds as well, and a newer recently redesigned version of the ds called the ds lite. these stylus pens are specifically for the nintendo ds lite only, and work very well for all gamers. they are simple to control and play around with for games like magnetica, new super mario bros., tetris ds, and many others. the control of these pens are easy to use and handle for all gamers. this is a absolute must for ds lite owners. price: a convience: a overall:
"
"karaoke revolution party is a fantastic game with great songs, great easy gameplay and perfect party game features. if you've never tried a karaoke game, now's the time to play. first, the basic setup. you get to fully customize your character. we're talking black, white, male, female, heavy, skinny, athletic. then you go for hair styles, hair colors, outfits down to the shoes and jewelry. you can evey use your eyetoy to scan your face onto the face of the character. it is simply amazing. then we go onto the song list. i own probably every karaoke game out for the 3 main systems. i love karaoke games. this song list is by far my favorite song list of all time - and it's true for my boyfriend as well. there are a good mix of jumping songs, slow romantic songs, rocking songs and more. in other karaoke games you have to go through unlocking the venues and songs. because this is a party game, they pretty much give you everything up front, with a few exceptions. you do unlock a few songs and a ton of characters / outfits as you go, to keep things interesting. a few standouts include the elvis outfit and the cat outfit. in addition to being able to sing along in both single player and duet modes, there are a bunch of fun mini-games. you can compete against other players, try to play note-matching games and even set up the eye toy so you see your own background in the game. even better, if you have a dance pad, you can sing and dance at the same time! this is really great for building up your vocal powers. many people can sing fine if they stand still like a stick, but when you sing in a band you're actually expected to move around and dance. using the dance pad helps you build up your lung power and timing so that you get those skills. even if you're not in a band, you can see the challenges that your favorite singers face. this game is a ton of fun both with friends in party mode, or just singing along yourself with the songs. where some of the previous versions of karaoke sometimes had ""questionable"" versions of songs, with them being obviously different from the original, these songs are great sounding and many times i didn't have to look at the song bar at all to sing along with them. highly, highly recommended!! rating: 5/5 note: the previous reviewer says this has the aretha franklin version of natural woman. i'm rather sure it's the carole king version
"
"we've all heard of final fantasy 8 and final fantasy 10, but does anyone ever mention the game in between? final fantasy 9 is, sadly, the most underestimated game in the final fantasy series. it's the one that pulled me into my ff fandom, and though it's around 6 years old i still love it. the reason it's not as famous as the others is probably because ff9 came out on the playstation just before the playstation 2 came out. the storyline is spellbinding--it captures you right at the beginning and flows beautifully, through cities of eternal rain, clashing monsters, and the (traditional plot theme in almost every rpg alive!) fate of the world itself. everyone can relate to ff9's characters, who struggle to find who they are or where they belong and in the end, find, or almost find, the meaning in a stunning finale. then you'll find yourself cheering for them (or mourning over them if you become attached to one who dies.) the music? nobuo, you've outdone yourself. ff9's songs are masterpieces, and you'll find yourself humming you're not alone or melodies of life without knowing it. and of course, a couple pieces will bring back amusing scenes just by mentioning their name. (slew of love letters, anyone?) any cons? hard question. if there were a problem, then i can't target it. perhaps leveling up your character may take a while, but then again that's a traditional part of every ff game so it shouldn't be counted. and being able to play as a few of the ""legendary"" characters(fratley, beatrix) would be great, but that would take away their status, wouldn't it? (and that's an opinion, so i'll let it slide.) i can think about this until my head explodes, but i won't be able to target an actual flaw. i, lyrit, find final fantasy 9 the perfect rpg game. overall, and again, this has got to be the greatest ff game out there. i've played most of the others popular in the series now, but they just don't strike me like ff9. wait. what are you listening to me for? get ff9 and play it. once you do, my review will look like it's degrading this game
"
"i first got this game about 2 years ago for computer. back then, i had a really slow computer, and it didn't work right. i was so mad that i had wasted 40 dollars on it. it went on the shelf and waited there for 2 years. now i have a better computer and play it all the time. the earlier reviewer said that the game was extremely difficult, not so. the guy must have obviously been a moron, and not been able to figure out the puzzles, because the game has an average difficulty, and if he wants it easier, he can play on padawan. anyway, the game is basically a first person shooter based game, where you go around blasting storm troopers, probe droids, and more. i suggest getting this game because i really enjoy playing it, and i want to get it for xbox too
"
"so you're looking for an nba game but don't know which one to get? i shall sort through the good and bad offered in both nba live 2006 and nba 2k6. between the two i have played (live '06 and 2k6), i can honestly say nba 2k6 was a better buy for me. at $20 i've had countless hours of some of the most joyous moments and some of the most frustrating. however, nba 2k6 is more of an all-around basketball game. if you're good at offense and poor on defense chances are good that you won't win as many games as you might think. but if you're only good at defense and horrible at offense, you won't win much then either. you basically have to play an even game altogether (this is based on all-star level). for fans of offensive-minded games, look no further than nba live 2006. the basic controls are straight-forward and easy to get a hang of so there won't be any real problems for newcomers to the series (such as myself). the best aspect featured in live '06 is undoubtedly the freestyle superstars. my favorite team is the 76ers and to see allen iverson pulling off the moves he does in real life on a game is nothing short of a rush. another highlight is that when you're left wide open for a shot, chances are extremely good that you'll drain it. whereas on 2k6, you still basically had to have a perfect release. as for the overall look of each game, i'd say that nba 2k6 steals that as well. when you're looking at allen iverson (or any other player for that matter) there's no question who you're looking at. he's got his tattoos, his cornrows, mustache, everything. nba live 2006, on the other hand, almost tends to look childish at times. don't get me wrong, the graphics and dunks are awesome to look at, but as you're dribbling upcourt i can't help but think the player's arms are too long. of course, that could just be me. 2k6 also seems to have more realistic courts (i could do without the shots of the fans though). nba 2k6 pros: -fantastic gameplay -the more you play the more you learn, making it a game you can invest time in -the graphics are great -when you turn up the difficulty it actually gets harder nba 2k6 cons: -offseason on legacy mode is kind of lame -too frustrating at times -when the other team is on a run, it's nearly impossible to hit anything other than a lay-up -loading time is almost ridiculous nba live 2006 pros: -easy for anyone to pick up and play -freestyle superstars -commentary is a lot better than 2k6 -dunks are fairly easy to execute and make for some excellent highlights nba live 2006 cons: -camera angle is horrible -far too offensive-minded -almost too easy at times -fouls are called too liberally on you so there you have it, a fairly unbiased view on each game. if live '06 were to drop down to $20 i'd highly recommend it, because in reality, it really is fun to play. but at $30 i'm not sure if it's worth every penny. plus, 2k6 has a great street ball mode in addition to the legacy mode, so did live 06 ever really have a chance
"
"if you liked the original then you will also like kh2. it finishes the story nicely. battle commands are improved - i especially like the reaction commands. still has some camera issues. overall a good game
"
