"this is a great way to get your child(ren) to do the things that need to be done around the house. i purchased two, one for each of my older children and they love that they have control over keeping up with the board. it is easy for them to use and easy for you to keep track of their progress.
"
"i bought this for my grandson for christmas, he was 8 months old. this has been the best learning toy for him, along with entertainment. he has learned how the shapes work and took this on soon. it has also helped him in walking. it is entertaining for me to watch him play with this toy, he has to push the button and play the music before he pushes it. i would actually buy one more for him to have at home with mom and dad. this is well worth the money
"
"i got this game for my then nearly 4-year-old daughter and a year later she still enjoys playing it. the game is very simple and does not require reading. all the parts and pieces are high quality. it's a good opportunity to work with numbers and measuring, plus the game goes fast so you can play it quickly if needed or multiple rounds if you have the time/inclination. the object is to create the tallest character by mixing/matching 5 parts (feet, legs, body, head, and hat). the character pieces are brightly colored and fun and include: ballerina, doctor, fireman/woman, policeman/woman, cowboy/cowgirl, and a clown. a roll of the die determines which part you select. the die has both pictures and words--except for the wild side which is printed in red. after the characters are assembled each player measures with the included ruler (you can choose centimeters or inches) to see whose character is the tallest. it's a sliding ruler with a base so the kids can actually fit their character inside and line up the top with the corresponding number on the ruler. i wouldn't recommend this game for kids beyond 5--it may be a little too simple. but for 3/4/5's it's a great game
"
"hi, esweetie i would love to be your friend. oh yeah this is a great doll you should really get her. end the bratz/ my scene war lenzie:
"
"bought this for my 2 1/2 year old for christmas and he loves it. all you have to do is press a button on the back and it moves it's head and roars. very easy for the young kids to do and my little guy loves it
"
"my two year old son got this pooh bear for a andquot;birthandquot; gift. he brings him everywhere. it's great because it doesn't take up much room. he has two now, but let me tell you he can tell them apart!!! the tag on his andquot;firstandquot; one is slightly more worn after countless washings and he likes that one best. the andquot;other one pooh bearandquot; as he calls it, works only in emergencies. my 9 mo. old daughter is getting the piglet since she loves the pooh too but there was no chance of my son giving one up. buy this toy!!!!!!!!!!!!!!!!!!!!!!!!!!!!!
"
"two grandsons (4 years and 6 years)have truly enjoyed this cartridge. recommend it highly!
"
"x4 metal detector rover national geographic and uncle milton; 6 and up; the yellow-and-black vehicle and its 5-foot remote cable crawls over sand, dirt or grass. lights and sounds alert the user when treasures (coins, old spoons, jewelry, etc.) are found. it teaches kids about magnetic fields and also can be used as an ordinary play vehicle.
"
"my son loves the imaginext dino collection. he has almost all of them. they're durable, fun and educational
"
"my daughters (ages 5 and 2 1/2) were given these dolls for christmas. they love them and play with them every day, especially the 5-year-old. i think the littlest one may be a little too young to really enjoy her fully, but she plays with her when her big sister plays with hers. i'm glad i didn't let some of the reviews discourage me from getting these. all the problems people are having with the limited english can be very easily remedied, if they read the directions fully. first of all, you must switch the doll from ""display"" mode, by moving the little switch on her back. the doll comes in the mode used so that people can try her out in the store. in this mode, she will only say one or two things in english. one you move the switch, you just have to ""wake her up"" and hold the button util she's speaking english. from that point on, she should speak english, even after waking up. however, if you turn her completely off via the back switch, you will have to switch her back to english by holding the bracelet down. i really have not had a problem, and certainly don't have to spend time interpreting what she's saying. that's why they make directions - it tells about the display mode right on the front
"
"my daughter had a 12 dancing princess party and she loved the game. it's a little tricky for her to do the set up, but she enjoys playing it
"
"when the toa and all the first bionicles came out, it was very simple and straigthforward. bad guys were different from the toa and everyone knew they were bad. now, with the pirahka, we have villians claiming to be toa! and the matoran believe them! one of the things i really love about zaktan is his weapon. it looks really cool and can change. also, the little ball launcher (i forget what it's called) is a lot of fun (i shot my brother with it x3) and the glowing eyes are just plain awesome! though the rubber part is sligthy annoying, it doesn't really get in the way
"
"and still loves it 7 months later! he even takes it camping and plays for hours outside with it. we are getting him more - his dad likes to get in on it, too
"
"the game is fun to play even if you're not a nascar fan! love it
"
"my children are 7, 5 and 20 months, and they all love it. the baby is especially fascinated by it and was able to make the top spin by herself after her brothers coached her a bit. the humming sound is much less annoying the many of their battery operated toys with voices and electronic noises
"
"the game itself is actully pretty good. you can go through the entire price is right game or you can just go to each section. like if you just wanted to do the pricing games, there's that option or you can do the showcase showdown etc... there are times that the graphics of the game lag, which is kind of odd since to me since i wasn't playing it on a computer, but on my dvd player. the pricing games are 'random' but you do tend to get some of the same games more than other games. you can technically play this game by yourself, but it's obviously going to be more fun the more people you have
"
"what more can you say? it's durable, it's fun, it folds so nicely and be put away! good buy
"
"this doll rocks! i love her hair, it's a dark reddish color and it's curled into seperate locks. and her dress is gorgeous! it's a powder pink color with long sleeves, and at the hands it has a big ball of white feathers. the necklece she has is very pretty, and so is her crown. shes quite durable, and would make a great addition to any collection or toy chest
"
"my 3 year old son loves this puzzle and has played with it for over a year. he likes to put it together over and over again, making a ""train"" across the floor. it has really helped him to learn his alphabet, and i highly recommend it!
"
"she is so cute! i love the real hair, i've made loads of crazy designs. also, i made a discovery, if you squeeze her tummy, she cries, falls asleep or says ""i luv you mama""
"
"our three children, who are now in their forties, were young when we purchased a bozo bop bag for them. they loved it, used it all the time, and it held up beautifully through the years. now our daughter has a daughter of her own and we purchased one for her. same design, same wonderful quality, same use as forty years ago. bozo is a ""friend"" who likes to be punched so he can bounce back up. our 3 year old grand daughter loves him. she now has a baby sister 7 months old who will also be able to make use of bozo. for toddler activity and appropriate ""acting out"", i thoroughly recommend this product with no reservation. it's a bit pricey, but worth 5 stars for sure
"
"it was the most popular gift on his first birthday. he loved pushing it, sitting on it and moving the small animal figures. lots of different kinds of fun for him
"
"this game is great to get to know your friends and family in a new light. it encourages deep converasations but can also be a fun and energetic game. you'll find yourselves wrapped up in topics that you'd never discuss otherwise.
"
"my son loves this instrument, but i think he likes another saxophone that plays tunes when you press buttons better. this one relies on the child to blow and press the keys, like a real instrument, but doesn't sound like a saxophone
"
"the gizmo doll is very realistic. it looks just like the one in the movie. the doll's ears are about 11 inches across and the doll is about 8 inches tall. i bet your going to really like this plush gizmo doll, my son treats him like a member of the family. thank you for reading
"
"i am the star wars fanatic i really like this toy! it has firing misiles and stickers to put on the vehicle. and, you can open the wings! this is a great toy!
"
"this is a great pack for a day trip to grandmas. it only holds about 4 cassettes, so if you have a lot of books you should go with the zipper case. other than that, my daughter loves it
"
"we had a blast making up our on questions and playing this game. the guys played it and the guys never want to play games
"
"although my granddaughter is in love with the webkinz, i was upset at the fact...after just receiving it, the glitter string around the unicorn's neck came apart from the unicorn. still my granddaughter loves it
"
"this toy is awesome, i am a starwars fanatic so i'll get anything starwars. but not cheesy like the darth vader voice changer. overall this toy is great
"
"i had a radio flyer wagon just like this as a child and loved it, which is why i wanted one for my daughter. we bought ours when our daughter was a year old, and she loved being pulled around the neighborhood in it. now that she's four, she loves pulling her one-year-old little brother around, or posing for pictures with him in it. we use it for picnicing in the local park, or setting up an impromptu lemonade stand on the front lawn. the wagon seems to keep popping up in our family photos, from the labor day block party to halloween trick-or-treating. it's a andquot;classicandquot; for good reason--kids love it, and never stop loving it
"
"my son calls this a flute, and rather than argue, we let it go. but his little hands have a hard time holding it. (he's 4). even i have trouble. i'm right-handed and the right-hand keys are on the bottom. i don't know if that's how real clarinets are, but it's awkward. also, your whole mouth has to be covering the entire mouthpiece in order to make it play, so that's also a little frustrating. but the sound is great and it's fun to play once you get the hang of it
"
"i was very pleased when this toy finally arrived. the blue devil is removable and semi-posable (his arms move). he is the same size as the simpson figures from the playmates line of toys, so i feel like he was made with collectors of those figures in mind. the homer donut-eating action doesn't always work correctly--the mouth and donuts aren't correctly synchronized, so sometimes the donuts miss his mouth--but that does not detract from the fun
"
"i've been wanting this forever and when i got it,it was totally awsome!! first it comes with a really,really cool chair (that you are going to love!),it also comes with a sweet guitar with amp (fyi. the amp has some really cool stickers on it) and it also includes two (2) guitar magazines. i truly love this piece mainly because i've always wanted an amp for my guitars. oh,i highly,highly recommend this you'll love it! well hope this helps. :)
"
"this elmo item is pretty cool. if ur child is an elmo fan then im sure you know how annoying these elmo doll/ toys can be.. oh jeez the voice is so loud and it echoes.!!! however this one is far less annoying than the rest because he hums when you plug his mouth -- im srry i meant ta say when you give him his pacifier (lol)-- you just hear an adorable hum sound. overall this is a cool gift. theres is an off button i only wish there was a lower volume button for early morning play
"
