"very nice piece, just beware of the size, it's much bigger than it appears in this picture. it does hang nice on the silver cord, however, the clasp is backwards, and with the cord, it does not flex to the correct position.
"
"my wife commented to me on the attractiveness of this watch, something she has never done before as she doesn't own a watch, and has no interest in them. it is a beautiful timepiece. what can you really say other than what is listed in the specifications. it works just fine, and keeps perfect time. so, what is my small criticism? there is a lot of gold and white coloring on the face of the watch, and there is a lot of gold and white on the hands. the problem is that at certain times it is somewhat difficult to distinguish the hands from the background. if you have perfect eyesight this might not be a problem. my eyes are decidedly not perfect. gone are the days when i can surreptitiously glance at my watch while listening to some boring conversationalist. i generally have to bring the watch to about a foot from my face to read the hands. still it is a great watch, and i feel compelled to give it a full five stars
"
"happy with the purchase, the watch was what i expected. casual enough to wear to work or for a night ou on the town.
"
"i'm delighted with my skagen watch as i was with the previous one i lost. i find the clean, modern design makes me feel elegantly turned out. the analog dial is easy to read. the mesh band is easy to adjust to my wrist size. the silver color coordinates with my silver jewelry
"
"i never had a problem with mine,i'm a marine and the fact that i went trough combat with mine and held up made it worth the few bucks i paid for it.i go trough watches like they are made of paper,had this one for 2.5 yrs and other than a lot of scratches it works fine
"
"i purchased this watch on amazon after looking at the same watch in jc penny and dillards for almost $200.00 more. it's a nice casual watch, i wear mine to work as a nurse and its very durable and attractive. the mother of pearl face is a pale pink so it doesn't clash when wearing other colors. for the price, seiko watches are great, mine usually last about 10 years of frequent wear getting wet regularly.
"
"i bought this to save for a christmas gift.it is a very nice looking piece of jewelry
"
"this watch was a very good buy..for $ 45..looks like a nice 85-90$ fossil watch..the dial looks very elegant..with those numbers.. overall..i am very happy with this buy
"
"this is a beautiful piece. very substantial and unusual! the only thing that would have made it better is if it had been made with a bigger bail so it could accommodate larger chains than the neckwire it comes on. regardless, it was well worth the price
"
"i bought this for my boyfriend. he absolutely loves this product. it holds his money in the clipper and his credit cards on the opposite side. it's beautiful silver and looks very professional.
"
"this watch arrived very quickly, and it is a very fine watch. i had an earlier casio ceptor watch and the battery died, i couldn't find anyone to replace it so i needed a new watch. by the time i had ordered this watch, i actually replaced the battery myself in the old one. so now i have two atomic watches, but the g-shock is superior by far and is ruggedly sturdy and should last indefinately with the solar power, just be sure to get it to full charge by putting it in direct sunlight until it indicates full charge. a great deal
"
"this watch is great. it has full iron man functionality and actually looks nicer than a geeky casio - unlike prior iron man watches. i probably should have gone with the steel band as it could be worn out as well. it has solid construction and easy functionality. the indiglo could be a little brighter but i am sure that would cost battery life.
"
"i ordered this as a gift for my niece's birthday and after receiving it wanted to keep it for myself! it's very delicate and dainty; however, the chain and the cross actually looked like they were very sturdy
"
"i bought this as a christmas gift (06) for my god-daughter michelle. she absolutely adored it. she told me she only wears it to church and special occasions. i loved the price
"
"i bought this pair to wear in my second ear piercing with a larger set of peridots in my first, but i would also wear these alone. the pair i received are a lovely color. very recommended
"
"i have thoroughly enjoyed these earrings. very nice size and great quality. they are light-weight and have a great hinge. i have a baby who sometimes grabs them, but they have yet to be bent out of shape. i sometimes keep them in for days at a time and my sensitive ears don't ever develope a reaction
"
"all right so these earrings are absolutely adorable! they are fun and go with anything! good size. good quality. i would buy for someone as a gift
"
"this is a really nice little pendant/necklace. the stones are not too small, not too big -- the pendant is about 1"" long. the bail is large enough to accommodate a nice chain (it comes with an 18"" fine chain, but you might want to replace it with something a bit more substantial). for the price, i was expecting something a lot ""cheaper"" looking. i was very pleasantly surprised at the quality of this.
"
"i ordered this jewelry piece with the gift box and card. the box, while attractive at first glance, is flimsy, got slightly crushed in transit, and the ribbon on its top is frayed and pasted-on. the card that came with it is much too large to fit inside the box or even on top gracefully, and the message inside is not centered, making it impossible to trim down. said message inside appears to have been written in plain old times new roman script. i could do far better on my own printer, and for the cost, i could get a much more attractive card at a store. i will say, however, that the piece itself looks every bit as nice as it does in the photos. i might order from silver insanity again, but i'm not paying for any of the ""frills""- they just aren't putting enough work into it to make it worth it
"
"the watch is very pretty, sturdy enough for everyday wear and elegant enough for dressy occasions. excellent price and fast delivery. i like the dual tone watch band, because i wear both white and yellow gold. the gold isn't as brassy as what shows in the picture. excellent value
"
"i had the pendant in 3 days, insted of 3 weeks! and that from the us to the netherlands. many thanks for that. the pendant itself is perfect, very detaild and it looks great.
"
"outstanding service - product was as described and the price was fair - mailing in a timely manner was acceptable. will continue to shop for similar items via amazon
"
"i love this ring! it's interesting to look at, and i like the design. i haven't taken the string off for fear of not being able to figure out the puzzle. maybe one day i might try it, but i like it so much i don't want to chance it now. shipped fast
"
"these earrings are very pretty-- not too big not too small, just right. for the price you can't go wrong. the gift box they arrived in was sort of cheesy, but they were for me so i didn't mind. if i were giving them as a gift i'd put them in a prettier box before giving them to the recipient. overall very pretty earrings, good value, no complaints
"
"this was a gift for my brother and he really enjoyed it. it was shipped quickly which is always a plus
"
"big numbers, easy to use all the functions. i use it for flying and timing my instrument approache
"
"simple and elegant earrings. my wife loves them. however, the backs are a trifle small to work with. ba
"
"this is a nice looking watch overall. if you like this style in black, look for the t233xltmn. it is a very very nice watch, and popular in europe.
"
"get this earring set. i got both sets, this one and the pastel set to give as gifts, the pearls are lovely, the colors are brilliant. nice set to have or to give.
"
"este es un lindo producto, hermoso y elegante, pero se raya muy facil. igual me gusta y lo uso todos los dias, pero no creo que sea algo de muy larga duracion
"
"works like advertised. syncs well with atomic time from colorado (i am in california). looks nice.
"
"my reaction is quite similar to the other reviewer. i received my watch a few weeks ago (only took three days) and was impressed by its classy look---all my other casios have been basic black clunkers. i like that the toggle switches protrude, so it's easy to activate them---those old recessed ones drove me crazy trying to get a nail or golf tee in there. it has all the features i wanted, but i had the same reaction about the alarm. it's less assertive than the other casios i've had, and i don't think i can trust it to wake me up early or if i'm tired. i've already decided to buy an inexpensive alarm to put by my bed. because the screen showing the digital data is small, it's not always easy to read what's on it, especially if the watch hand is partially obscuring the screen, which somehow seems to happen a lot. the back light only goes on one second at a time, and isn't very strong, so there's a good chance that you won't be able to read the digital screen that quickly. fyi, the 10 year battery claim is based on using one second of backlight each day, so you better look quick and look sharp----but not often. so.......great looks, but personality could be better. that's life
"
"i found this pair of studs to be nice for everyday wear. they look much better than the ones found in macy's fine jewelry and they cost less. personally i would not go over 1/3 ctw with this quality because the flaws would become obvious. i am very satisfied with my purchase
"
"this is a very nice ring, i bought one for a gift and decided to keep it myself and ordered anothe
"
"i'm very pleased with these earrings. they are a good weight...they aren't so heavy that they drag at the ear, but they are substantial and a perfect size. i'd recommend these to earring lovers
"
