"i did my research for the best stroller, thus this one is the best in market, travelling with my baby is much fun and easier. i can carry, fold and move it with no help, its so easy to open and fold. its very cozy, my baby can sleep happily in it
"
"i have tested this unit on maximum sensitivity. at first, i was bothered with the constant tick that is an indication that the baby is ok. so i took the sensor out to see what would happen without the baby, ... it stopped ticking. the baby was not moving, but just it's heart and/or lungs working keeps the unit ticking. it detects even when you blow on the sensor. maybe it should not be on maximum sensitivity, since ceiling fans, etc might activate it, but i was truly amazed with the sensitivity. you can turn the tick down so it is not too bothersome, it is like a clock ticking, about once a second when baby is ok, if it stops ticking for about 30 seconds.. a noticeable alarm will ring.
"
"i purchased this product for my hubby's vehicle and we love not have to transfer the carseat back and forth all the time. it works great, highly recommended
"
"this is a wonderful stroller. i'm so glad i took a chance and ordered it, sight unseen. i ordered the red version, which is much snazzier in person than on the amazon picture. it is fairly lightweight - much lighter than our graco model, but heavier than those cheap little umbrella strollers, nice and sturdy. but it folds up in an umbrella fashion, so it won't take up too much room in your trunk and could be carried, if necessary. it comes with neat things like a rain cover, sun shade, and cold weather boot. the rain and shade covers are neatly contained in an attachable pouch and the boot fits easily in the stroller's basket. the canopy has a window, provides lots of shade, and is even partially removable to let the breeze run through on a balmy day. coolest of all, it has a built in mesh pouch that doesn't take up any room but still manages to hold everything i need: sunscreen, hand sanitizer, wallet, keys, cell phone, and sunglasses. it's stretchy mesh, so if you don't have anything it just lies flat against the hood. but it does have a plastic lining, so it's waterproof! also, it zips, so your things can't fall out and aren't accessible to your two year old, either. the basket is large enough for a medium sized diaper bag, although a small bag would fit best, especially if you want to keep the boot in there. the best part is that everything is snazzy. everything looks nice, the materials feel great, and it's well designed. the parts that should be removable/washable are. it's a snap to put together (took just a couple of minutes) and everything locks into place in a smart way. it's very easy to fold and unfold. also, it reclines beautifully and easily, including into a totally upright position. i became frustrated that my graco model's most upright position was still too reclined for our one year old. the place where your child's legs hang down is neat. it is adjustable, so it could stick straight out, hang down, or even flip up for a very little one (maybe to use with the boot?)... your kid won't get a weird stroller mark on the underside of their little knees. it has the newer style which i notice most new strollers seem to have where you only have to clip two things in to buckle a baby in. my graco model (purchased last year) is such a complicated mess. you attach two things together on one side, two things together on the other side, then connect each side into the center. arg! my son almost always fussed by the time i'd finished. also, he was always sitting on one of the straps, which easily became twisted. my husband still has not figured out how to do this quickly. :) so this is a big improvement. it's also comfy! i can't vouch for that myself, of course. but my son settles down into it and looks perfectly comfortable. with the graco model, he ended up with his legs flung over one side of the tray and if he wasn't tightly belted in he slouched down a lot. a few minor imperfections about the zooper twist. the cupholder is a mesh bag attached to the handle. it works well for a standard water bottle or something, but one of those giant mall-sized beverages might not be so great. you can easily remedy this by investing in a good quality cup attachment, if that is important to you. this stroller is great for me - i'm 5'5. it would be nice if the stroller handles were adjustable. this isn't a jogging stroller. it does offer a nice feature where you can lock the front two wheels so they do not swivel, which makes going over rough surfaces safer and easier to manage. this isn't the kind of stroller that is going to hold everything but the kitchen sink, if you are looking for that kind of stroller. there isn't a cup and snack tray for your child. no clock. this is just the greatest stroller and i'm so glad to dump our awful graco stroller. hated. that. thing. this is snazzy, well designed, handy, lightweight, convenient, and offers everything we need
"
"great product - i heard from other mommies that this was the pump to get; i agree
"
"this product was very easy to use, quick clean up, and very discrete to carry in public. my husband and i are constantly using it when we are out with our child. i especially like the compartment for diaper storage and wipe storage
"
"these can definitely be a life saver during the first 1-2 weeks when you don't want compression on the nipple and you want them to air dry. i have small breasts so i could wear them in any bra, and i didn't have a huge leakage problem, so i changed the foam twice a day. the only problem i had was that my skin broke out where the rubber rested against it. i think it got damp and wasn't allowed to breathe because it cleared up within 48 hours after i stopped using them. bottom line: the relief was worth any minor inconvenience
"
"i got this hat because it matched the jj cole bundle me blanket for my son's car seat. he looks absolutely adorable in it, but he hates wearing it unfortunately. the elastic is a little bit tight and it smooshes his whole forehead down. overall, if your baby is a hat-wearer and this fits him/her, then it's wonderful. it's warm, soft and is made very well
"
"i bought 3 packages of dr. brown's (through amazon.com) standard size nipples and i received 2 standard and 1 wide. they shipped the wrong item to me. i returned the wide to the address in calabasas, california and have not received and feedback that they received it or any refund for the product as well as the postage to send the wrong item back to right start. i enjoy using this product for my child because it is the only one that works for him. since my purchase, i still have not received anything except this email from amazon.com. i rate the product 5 stars but the service 1 star
"
"i purchased the extention kit for the superyard xt play gate to go with the play gate that i purchased. it works great for my new pomeranian puppies. the play yard is wonderful for keeping the puppies all in one place and knowing that they are safe. it will also be nice to pick up and take outside as the weather improves. the fact that is is portable makes it nice to pick up and take it as we travel so i can still provide a safe place for them where ever we happen to be. i love this item and i am very happy i purchased it. i feel the gate is great for animals, i have not used it with children as of this time
"
"my husband is a nyc doorman so we found it very fitting to decorate our son's room in this theme. since my hubby deals with taxi's and limo's on a daily basis we thought it was very cute that the main theme of this set had those things in it. we also love manhattan and are there often so we brought a little bit of it out to our house in l.i. the set is very well made and i like the fact that since it feels like it will last, my son can grown with it. it is also not too pastel and babyish that he can use it well into his toddler and pre-school years
"
"i am a six foot tall women with large size ribs and medium chest and this backpack fits me very well. as i am large and this pack fits me, i would think this would ajust to a small person well. i especially like all the padding on the surface that meets your back. i hike hills up to two hours with my seven month old (19 lbs) in the pack without problems. the built in shade cover is great as you dont have to put it on and off as needed. the pack is very comfortable for both of us. the interior of the pack also adjusts for the baby size and as mine grows taller, i can drop him lower in the pack. i looked at many other more expensive packs as i thought they would be better fitted out, but this pack has all the features i wanted for a lower price. i highly recommend this pack.
"
"this is a great light - shines stars all over the room. constellations aren't quite right, but they're close. the different color options are great. for the price, it's a great deal
"
"don't bother with bulky snowsuits. this makes it so easy for us to get out of the house with baby. we live in the north east, so it is a life saver. yummy snuggly
"
"i have a 10 month old baby and i have tried every bottle. i used the avent with my 1st baby. these bottles are the best! why? because they do not leak, no bubbles and the design is fabulous once the baby holds it her/himself. the angles top is great for little or no air in baby's tummy. the little rubber seal/disk you put in the bottom is a cinch! don't wast time or money$$$ on any other bottle
"
"my husband and i just had a wonderful baby girl (apr. 9, 2007) and i simply could not live without this item. my daughter loves sleeping in it. it is light; therefore, it can be easily moved from one room to another, as needed. you could easily travel with it.... from hotels to the ""grandparents house."" it can be folded compactly and easily stored; and, there is also a handle for carrying. the light at the top is excellent for those who wish to co-sleep as well. ***obviously, do not leave your child unsupervised in it!** it is excellent and i highly recommend it to all parents
"
"love these. i use them everywhere. i really can't imagine not having them, since my son throws down all plates and napkins still.
"
"i found this product after searching for ways to make traveling with my two-year old easier. she loved riding in her carseat through the airport and 6 people stopped me to ask how it worked. the security agent said he wished all parents used this instead of trying to jam enormous strollers through the x-ray machine.
"
"based upon reviews, i decided to go with dr. brown's from the start. we've been very happy with them! a friend had given me some avent bottles she had never used so i decided to try them and compare. my baby had a terrible tummy ache and had never before burped so much. those avents now sit in the back of the cabinet gathering dust. for folks who complain about leakage....the rare times that has happened to me was when i accidentally added milk past the top marker. otherwise, i've never had a single problem with any sort of leakage. another plus is that they're very easy to clean; i just pop all the pieces into the top rack of the dishwasher (i use a toddler basket to hold some of the smaller pieces). if you're comparing the wide mouth to the standard, forget the standard! they're a pain to get liquid into (but still good bottles). i absolutely love this product and would never consider another bottle
"
"i bought this stroller after having a 7 year old peg perego hand me down. i loved the old one but it looked like it had one thousand miles on it, as a friend told me so i gave it to my mom to use. i knew it was important to get a good stroller that would last rather than buying cheap ones. i am a very price sensitive, i shop at consignment shops, etc and i still feel the money spent is worth it! the reason i like this stroller: 1. you can guide it with one hand. 2. there is a spot for bags, etc underneath. 3. the cup holder for mommy and child. (this is an extra accessory) 4. it's lightweight and you can pop it open and closed easily. 5. the five point harnes
"
"bought this gate to keep a small dog in a room. the entry area is not symmetrical and the gate was configurable to fit perfectly. works well, looks good and feels solid. highly recommend for this use
"
"this is great for keeping the sun out of my baby's eyes- from all angles. and those on window shades always fall off, and are annoying when you want to roll the window down.. this does the job just fine. highly recommend it
"
"we are using this bather for our son who is one month old. what we like most about this bather is that the water drains away from the baby. the fabric is also very soft, quick drying, and removable for machine washing. the model we have does include straps that can be adjusted around the baby's waist. to keep him warm, we pour cupfuls of warm water on him throughout his bath. since we don't fill up the tub with water, slippage has not been a problem
"
"i have a independent child. she will not let you help her do anything so when we got the the potty training stage she had to sit on the potty like mommy. she refused to use those little potty chairs also she did not want to be lifted up and she was still to short to get up on her own by a step stool. when i found this product she was estatic. she started the day we got it and fully trained herself by the end of the week. i agree the product if a bit flimsy and could use another go at it. all in all i do not think my daughter was in any danger using this product though. before you buy it though make sure you have a round toilet and not an oblong or else yes it will slide around. the manufacture told me this over the phone when i called them about the issues i had read. they said it is not made for every family and i agree you have to try something to see if it will work. unfortunatly ever child is different and has a mind of there own
"
"this bed is great because our bedroom is small and the bed fits nicely next to my bed. it feels so good knowing he's so close. its really convienent because we have to leave town for a night and this bed folds up small enough to throw in the trunk and he will still feel at home when he sleeps. oh yeah, and its really cute
"
"despite some negative reviews i got this seat because i have an 8 mth and 2.5 yr old and my husband is deployed so bathtime can be very challenging. i also have a textured bathtub bottom so i knew a bathring would not work. well this seat is fantastic - my baby loves to sit in it and tries to grab all of the bath toys so he can chew on them. also, whenever i get the baby in the toddler wants to jump in too which is so much easier then conjoling an ornery 2 yr old into the tub. since using the bath seat my infant hasn't scraped his legs on it once like some other reviewers mentioned so not sure what that is about. and although he has tried to climb out a couple of times he is usually content to sit there. of course even with this seat you can't let such little ones bathe unsupervised anyways so it is fine when he tries to get out - i just put him back and he is happy. even when i don't bath the two together i put the little one in here - just makes it so much easier then trying to hold him steady (he is such a wiggler - trying to crawl/stand immediately)and having my hands free to scrub him. to clean his bottom i just pull him out clean him and then stick him back in - no problem. to clean the seat i've followed the advice of other posts and again no problem. i actually came back here to buy one for my sister but i see that it isn't available right now -boo - i'll have to find it elsewhere. highly recommend
"
"this chair is a great space saver. attaches easily to the chair, has two cup holders and the tray is the size of a normal high chair. the draw back is it's hard to adjust the seat for the infant. was able to with some effort
"
"we bought this crib online and couldn't be more pleased. the shipping was great - a few minor nicks but nothing overly noticeable. the directions aren't bad - but they could be a lot better/clearer. we also bought the matching change table and it looks great in the baby's room. net, great value for a great product!
"
"this is so much better than the bjorn carrier. you can wear it on the hip or in front. it is very comfortable. my baby always felt secure and i never thought he would come out. i could wear my 25 pound baby for 2 hours without a problem. my back and shoulders were never sore. easy to put on. great way to calm a fussy baby! reversible black for men too
"
"this gate has some good points and just one negative. pros - good price, easy to operate. mine are very easy on the batteries, i replace them about every 2 months. they are located on the kid's bedroom doorways, about 8' apart from each other. we use them as a double safety for the top of the stairs, and to keep the roaming 22 month old out of his sister's room when she wants some quiet time. for those of you who have multiple gates and complain about 1 control unlocking both gates you should know that if you replace the batteries at the same time and arm the first gate it sends out the signal to both gates and programs it to unlock both. so simply set up one gate while the batteries are out of the other, then set up the second gate seperately. i have never had them malfunction following these steps. cons: i also have had my toddler wedge a knee in the door. i found that this was due to the gate not being tight enough. it was very frustrating and a little scary but we were always able to help him out of the gate by sitting him down and pulling him straight back. we nearly got rid of this gate because of a few times dealing with this. but since we tightened up the pressure on the gate we have had no problems. it has also stripped some of the paint from my doorway where the tension feet are..right down to bare wood. i will have to repaint and patch when these gates come down. the also should be a little taller imo, and if the gate is not tight enough it can become dislodged and open. always check the gate when you close it to make sure it is closed..a few rare occasions i have found it not completely closed. this usually happens when you manually open the gate then try to use the remote button to open it. overall, 4 stars. would be 5 stars if the gate was taller and the bars a little closer to prevent pinching. good price though and it is put together well
"
"we registered for this product since it includes so many items necessary for a baby. upon receiving it as a shower gift, i knew this was going to be great. i love the convenient pouch that all the tools and accessories come in. it's small enough to carry around in a diaper bag. this is a must have for every new parent
"
"this item is worth more than the cost...it is a most have at home with a new born baby.....expecially 1st time parent like me.....i can get to do other things once my baby is asleep...and i can even hear my baby's heart beat when am somewhere else in the house.....worth more than trhe cos
"
"this a wonderful stroller. i have a large 35lb, 2yr old and he is very comfortable. great folding mechanism. folding is easy and i can do it with one hand. nice pockets for storage
"
"table toppers are an awesome product. we don't leave the house without them. it gives our daughter a clean area to eat and helps the waithelp.... there is no mess when we leave because it is contained on the table topper. we just wrap it up after her meal and toss the whole thing. the different designs also entertain our daughter while waiting for our food. other people, not only parents, ask about the table toppers and comment about them because it is such a convenient and easy to use product
"
"we just bought this for our 3 yr. old, and he does everything on it! it is very durable, and also light weight so we can move it around easily. this table will last well through our second son as well.
"
